pathogen,prevalence_tier,follow_up_modality,wbe_detection_prob_q,wbe_false_positive_rate,follow_up_coverage,wbe_cost_per_sample,avg_pax_per_flight,horizon_days,n_total,icu_fraction,icu_los_days,cost_per_test,uc_cumulative_infections,gate_cumulative_infections,delta_cumulative_infections,uc_cumulative_hosp_cases,gate_cumulative_hosp_cases,delta_cumulative_hosp_cases,uc_cumulative_deaths,gate_cumulative_deaths,delta_cumulative_deaths,uc_hospital_cost,gate_hospital_cost,delta_hospital_cost,uc_productivity_cost,gate_productivity_cost,delta_productivity_cost,uc_mortality_cost,gate_mortality_cost,delta_mortality_cost,uc_icu_cost,gate_icu_cost,delta_icu_cost,uc_programme_cost,gate_programme_cost,gate_wbe_sampling_cost,programme_cost_ratio,programme_cost_saving_pct,uc_total_societal_cost,gate_total_societal_cost,delta_total_societal_cost,max_rel_health_deviation
SARS-CoV-2,0.5x,RAT,1.0,0.0,1.0,0.0,250,365,10000,0.15,7,12.5,16610.165490083396,16610.165490083396,0.0,809.7455676415661,809.7455676415661,0.0,124.57624117562534,124.57624117562534,0.0,13660143.938257046,13660143.938257046,0.0,2902780.586879621,2902780.586879621,0.0,432674242.38823247,432674242.38823247,0.0,2531144.317971157,2531144.317971157,0.0,45052082.57610544,22152668.07872945,0.0,0.49171240954971307,50.82875904502869,496820393.8074452,473920979.3100687,-22899414.4973765,0.0
SARS-CoV-2,0.5x,Laboratory PCR,1.0,0.0,1.0,0.0,250,365,10000,0.15,7,100.0,1535.4004620183414,1535.4004620183416,2.2737367544323206e-13,74.85077252339343,74.85077252339343,0.0,11.51550346513744,11.51550346513745,8.881784197001252e-15,1262704.1775689838,1262704.1775689838,0.0,268324.63773340906,268324.63773340906,0.0,39995154.94562393,39995154.94562393,0.0,233971.65643190008,233971.6564319001,2.9103830456733704e-11,360416660.6088435,177221344.6298356,0.0,0.49171240954971307,50.82875904502869,402176816.02620184,218981500.04719394,-183195315.9790079,7.71289264415609e-16
SARS-CoV-2,0.5x,Sentinel RT-LAMP,1.0,0.0,1.0,0.0,250,365,10000,0.15,7,20.0,1535.4004620183414,1535.4004620183416,2.2737367544323206e-13,74.85077252339343,74.85077252339343,0.0,11.51550346513744,11.51550346513745,8.881784197001252e-15,1262704.1775689838,1262704.1775689838,0.0,268324.63773340906,268324.63773340906,0.0,39995154.94562393,39995154.94562393,0.0,233971.65643190008,233971.6564319001,2.9103830456733704e-11,72083332.12176865,35444268.925967075,0.0,0.4917124095497128,50.828759045028725,113843487.53912695,77204424.34332535,-36639063.1958016,7.71289264415609e-16
SARS-CoV-2,1x,RAT,1.0,0.0,1.0,0.0,250,365,10000,0.15,7,12.5,33169.1761179436,33169.1761179436,0.0,1616.9973357497506,1616.9973357497506,0.0,248.76882088457717,248.76882088457717,0.0,27278311.8932306,27278311.8932306,0.0,5796641.277311495,5796641.277311495,0.0,864018928.7448604,864018928.7448604,0.0,5054510.733157436,5054510.733157436,0.0,45052082.57610544,32287852.626162063,0.0,0.716678359354841,28.332164064515897,947200475.2246656,934436245.2747223,-12764229.949943304,0.0
SARS-CoV-2,1x,Laboratory PCR,1.0,0.0,1.0,0.0,250,365,10000,0.15,7,100.0,3070.3617439437967,3070.361743943797,4.547473508864641e-13,149.68013501725864,149.68013501725864,0.0,23.027713079578238,23.02771307957825,1.0658141036401503e-14,2525047.9869418875,2525047.9869418885,9.313225746154785e-10,536572.6972251504,536572.6972251504,0.0,79978895.51399644,79978895.51399644,0.0,467876.53875687916,467876.53875687916,0.0,360416660.6088435,258302821.0092965,0.0,0.716678359354841,28.332164064515897,443925053.345764,341811213.7462171,-102113839.59954691,4.628397531083321e-16
SARS-CoV-2,1x,Sentinel RT-LAMP,1.0,0.0,1.0,0.0,250,365,10000,0.15,7,20.0,3070.3617439437967,3070.361743943797,4.547473508864641e-13,149.68013501725864,149.68013501725864,0.0,23.027713079578238,23.02771307957825,1.0658141036401503e-14,2525047.9869418875,2525047.9869418885,9.313225746154785e-10,536572.6972251504,536572.6972251504,0.0,79978895.51399644,79978895.51399644,0.0,467876.53875687916,467876.53875687916,0.0,72083332.12176865,51660564.201859355,0.0,0.7166783593548423,28.332164064515773,155591724.85868904,135168956.9387797,-20422767.91990933,4.628397531083321e-16
SARS-CoV-2,2x,RAT,1.0,0.0,1.0,0.0,250,365,10000,0.15,7,12.5,66135.41666971706,66135.41666971706,0.0,3224.1015626487074,3224.1015626487074,0.0,496.0156250228781,496.0156250228781,0.0,54390097.34817771,54390097.34817771,0.0,11557895.686487775,11557895.686487775,0.0,1722763264.421918,1722763264.421918,0.0,10078165.096868223,10078165.096868223,0.0,45052082.57610544,40586357.409489095,0.0,0.9008763876992257,9.912361230077426,1843841505.1295571,1839375779.9629436,-4465725.166613579,0.0
SARS-CoV-2,2x,Laboratory PCR,1.0,0.0,1.0,0.0,250,365,10000,0.15,7,100.0,6138.968120159643,6138.968120159644,9.094947017729282e-13,299.27469585777953,299.27469585777953,0.0,46.04226090119686,46.042260901196876,1.4210854715202004e-14,5048655.607570587,5048655.607570588,9.313225746154785e-10,1072839.316608748,1072839.316608748,0.0,159912168.56558427,159912168.56558427,0.0,935486.186108668,935486.186108668,0.0,360416660.6088435,324690859.27591276,0.0,0.9008763876992257,9.912361230077426,527385810.284716,491660008.9517848,-35725801.33293122,3.086480645617599e-16
SARS-CoV-2,2x,Sentinel RT-LAMP,1.0,0.0,1.0,0.0,250,365,10000,0.15,7,20.0,6138.968120159643,6138.968120159644,9.094947017729282e-13,299.27469585777953,299.27469585777953,0.0,46.04226090119686,46.042260901196876,1.4210854715202004e-14,5048655.607570587,5048655.607570588,9.313225746154785e-10,1072839.316608748,1072839.316608748,0.0,159912168.56558427,159912168.56558427,0.0,935486.186108668,935486.186108668,0.0,72083332.12176865,64938171.855182536,0.0,0.9008763876992261,9.912361230077394,239052481.7976411,231907321.53105465,-7145160.266586453,3.086480645617599e-16
Mpox,0.5x,RAT,1.0,0.0,1.0,0.0,250,365,10000,0.07,5,12.5,3703.2131142582616,3703.2131142582616,0.0,416.61147535405627,416.6114753540566,3.410605131648481e-13,183.30904915578472,183.30904915578472,0.0,11532579.64665114,11532579.646651141,1.862645149230957e-09,2450673.1749133663,2450673.1749133663,0.0,634291880.5658131,634291880.5658132,1.1920928955078125e-07,432471.7367494175,432471.7367494175,0.0,45052082.57610544,10598990.351063231,0.0,0.23526083024372074,76.47391697562793,693759687.700232,659306595.4751894,-34453092.22504258,8.186536697650938e-16
Mpox,0.5x,Laboratory PCR,1.0,0.0,1.0,0.0,250,365,10000,0.07,5,100.0,341.8909681656987,341.8909681656988,5.684341886080802e-14,38.462733918640744,38.462733918640744,0.0,16.923602924201944,16.923602924201955,1.0658141036401503e-14,1064719.1353468169,1064719.135346817,2.3283064365386963e-10,226252.81626119834,226252.81626119846,1.1641532182693481e-10,58559552.444074854,58559552.44407487,1.4901161193847656e-08,39926.96757550561,39926.96757550563,2.1827872842550278e-11,360416660.6088435,84791922.80850585,0.0,0.23526083024372074,76.47391697562793,420307111.972102,144682374.17176425,-275624737.80033773,6.297796683210766e-16
Mpox,0.5x,Sentinel RT-LAMP,1.0,0.0,1.0,0.0,250,365,10000,0.07,5,20.0,341.8909681656987,341.8909681656988,5.684341886080802e-14,38.462733918640744,38.462733918640744,0.0,16.923602924201944,16.923602924201955,1.0658141036401503e-14,1064719.1353468169,1064719.135346817,2.3283064365386963e-10,226252.81626119834,226252.81626119846,1.1641532182693481e-10,58559552.444074854,58559552.44407487,1.4901161193847656e-08,39926.96757550561,39926.96757550563,2.1827872842550278e-11,72083332.12176865,16958384.561701164,0.0,0.23526083024372083,76.47391697562792,131973783.4850271,76848835.92495956,-55124947.56006755,6.297796683210766e-16
Mpox,1x,RAT,1.0,0.0,1.0,0.0,250,365,10000,0.07,5,12.5,7405.092598457609,7405.092598457609,0.0,833.0729173264842,833.072917326485,7.958078640513122e-13,366.5520836236525,366.5520836236526,1.1368683772161603e-13,23061025.11996947,23061025.119969472,3.725290298461914e-09,4900467.837993514,4900467.837993514,0.0,1268356381.5983212,1268356381.5983214,2.384185791015625e-07,864788.4419988558,864788.4419988561,3.4924596548080444e-10,45052082.57610544,18180851.65906345,0.0,0.4035518586371886,59.644814136281134,1342234745.5743885,1315363514.6573465,-26871230.917042017,9.55267957341881e-16
Mpox,1x,Laboratory PCR,1.0,0.0,1.0,0.0,250,365,10000,0.07,5,100.0,683.7705609712066,683.7705609712067,1.1368683772161603e-13,76.92418810926006,76.92418810926007,1.4210854715202004e-14,33.84664276807442,33.84664276807444,2.1316282072803006e-14,2129403.0078704283,2129403.007870429,9.313225746154785e-10,452498.139172466,452498.1391724661,1.1641532182693481e-10,117117165.43287364,117117165.43287367,2.9802322387695312e-08,79852.61279514105,79852.61279514106,1.4551915228366852e-11,360416660.6088435,145446813.2725076,0.0,0.4035518586371886,59.644814136281134,480195579.8015549,265225732.4652191,-214969847.3363358,6.297901454766859e-16
Mpox,1x,Sentinel RT-LAMP,1.0,0.0,1.0,0.0,250,365,10000,0.07,5,20.0,683.7705609712066,683.7705609712067,1.1368683772161603e-13,76.92418810926006,76.92418810926007,1.4210854715202004e-14,33.84664276807442,33.84664276807444,2.1316282072803006e-14,2129403.0078704283,2129403.007870429,9.313225746154785e-10,452498.139172466,452498.1391724661,1.1641532182693481e-10,117117165.43287364,117117165.43287367,2.9802322387695312e-08,79852.61279514105,79852.61279514106,1.4551915228366852e-11,72083332.12176865,29089362.654501513,0.0,0.4035518586371888,59.64481413628112,191862251.31448022,148868281.84721315,-42993969.467267066,6.297901454766859e-16
Mpox,2x,RAT,1.0,0.0,1.0,0.0,250,365,10000,0.07,5,12.5,14804.856830240735,14804.856830240735,0.0,1665.5463934020895,1665.5463934020909,1.3642420526593924e-12,732.8404130969188,732.8404130969188,0.0,46105532.56481901,46105532.564819016,7.450580596923828e-09,9797425.670024024,9797425.670024026,1.862645149230957e-09,2535804291.0650434,2535804291.065044,4.76837158203125e-07,1728957.4711807116,1728957.471180712,4.656612873077393e-10,45052082.57610544,28021887.27757165,0.0,0.6219887222801505,37.80112777198495,2638488289.347174,2621458094.0486403,-17030195.298533916,8.19095798269993e-16
Mpox,2x,Laboratory PCR,1.0,0.0,1.0,0.0,250,365,10000,0.07,5,100.0,1367.4956251750264,1367.4956251750266,2.2737367544323206e-13,153.84325783218912,153.84325783218915,2.842170943040401e-14,67.69103344616325,67.69103344616326,1.4210854715202004e-14,4258664.978885139,4258664.978885141,1.862645149230957e-09,904966.3080130918,904966.3080130921,3.4924596548080444e-10,234226573.8386826,234226573.83868268,8.940696716308594e-08,159699.93670819286,159699.93670819292,5.820766091346741e-11,360416660.6088435,224175098.2205732,0.0,0.6219887222801505,37.80112777198495,599966565.6711322,463725003.28286284,-136241562.38826936,4.373777130781892e-16
Mpox,2x,Sentinel RT-LAMP,1.0,0.0,1.0,0.0,250,365,10000,0.07,5,20.0,1367.4956251750264,1367.4956251750266,2.2737367544323206e-13,153.84325783218912,153.84325783218915,2.842170943040401e-14,67.69103344616325,67.69103344616326,1.4210854715202004e-14,4258664.978885139,4258664.978885141,1.862645149230957e-09,904966.3080130918,904966.3080130921,3.4924596548080444e-10,234226573.8386826,234226573.83868268,8.940696716308594e-08,159699.93670819286,159699.93670819292,5.820766091346741e-11,72083332.12176865,44835019.644114636,0.0,0.6219887222801508,37.80112777198492,311633237.184058,284384924.706404,-27248312.47765404,4.373777130781892e-16
Norovirus,0.5x,RAT,1.0,0.0,1.0,0.0,250,365,10000,0.03,2,12.5,2548784.1933514774,2548784.1933514774,0.0,11469.528870081656,11469.528870081656,0.0,11.469528870081643,11.469528870081643,0.0,45872255.476358116,45872255.476358116,0.0,9747854.288726093,9747854.288726093,0.0,40138223.54181342,40138223.54181342,0.0,2064251.4964361147,2064251.4964361147,0.0,45052082.57610544,25387629.50791936,0.0,0.5635173349652067,43.64826650347933,142874667.37943915,123210214.31125315,-19664453.068186,0.0
Norovirus,0.5x,Laboratory PCR,1.0,0.0,1.0,0.0,250,365,10000,0.03,2,100.0,436440.19924013875,436440.19924013875,0.0,1963.9808965806228,1963.9808965806228,0.0,1.963980896580626,1.963980896580626,0.0,7854035.556135586,7854035.556135586,0.0,1668982.5556788098,1668982.5556788098,0.0,6872281.111618636,6872281.111618636,0.0,353431.6000261013,353431.6000261013,0.0,360416660.6088435,203101036.06335488,0.0,0.5635173349652067,43.64826650347933,377165391.4323028,219849766.88681412,-157315624.54548866,0.0
Norovirus,0.5x,Sentinel RT-LAMP,1.0,0.0,1.0,0.0,250,365,10000,0.03,2,20.0,436440.19924013875,436440.19924013875,0.0,1963.9808965806228,1963.9808965806228,0.0,1.963980896580626,1.963980896580626,0.0,7854035.556135586,7854035.556135586,0.0,1668982.5556788098,1668982.5556788098,0.0,6872281.111618636,6872281.111618636,0.0,353431.6000261013,353431.6000261013,0.0,72083332.12176865,40620207.21267097,0.0,0.563517334965207,43.648266503479306,88832062.94522785,57368938.03613007,-31463124.909097776,0.0
Norovirus,1x,RAT,1.0,0.0,1.0,0.0,250,365,10000,0.03,2,12.5,3515994.74644286,3515994.74644286,0.0,15821.976358992853,15821.976358992853,0.0,15.821976358992861,15.821976358992861,0.0,63281096.42673493,63281096.42673493,0.0,13447232.99068117,13447232.99068117,0.0,55370959.373393096,55370959.373393096,0.0,2847649.339203066,2847649.339203066,0.0,45052082.57610544,35339645.45045373,0.0,0.7844175769400956,21.55824230599044,179999020.70611778,170286583.58046603,-9712437.125651747,0.0
Norovirus,1x,Laboratory PCR,1.0,0.0,1.0,0.0,250,365,10000,0.03,2,100.0,795589.2382805645,795589.2382805645,0.0,3580.1515722625454,3580.1515722625454,0.0,3.580151572262542,3.580151572262542,0.0,14317550.193449419,14317550.193449419,0.0,3042479.4161080006,3042479.4161080006,0.0,12527856.419268236,12527856.419268236,0.0,644289.7587052239,644289.7587052239,0.0,360416660.6088435,282717163.6036298,0.0,0.7844175769400956,21.55824230599044,390948836.3963743,313249339.39116055,-77699497.00521374,0.0
Norovirus,1x,Sentinel RT-LAMP,1.0,0.0,1.0,0.0,250,365,10000,0.03,2,20.0,795589.2382805645,795589.2382805645,0.0,3580.1515722625454,3580.1515722625454,0.0,3.580151572262542,3.580151572262542,0.0,14317550.193449419,14317550.193449419,0.0,3042479.4161080006,3042479.4161080006,0.0,12527856.419268236,12527856.419268236,0.0,644289.7587052239,644289.7587052239,0.0,72083332.12176865,56543432.72072591,0.0,0.7844175769400954,21.55824230599046,102615507.9092996,87075608.50825681,-15539899.40104279,0.0
Norovirus,2x,RAT,1.0,0.0,1.0,0.0,250,365,10000,0.03,2,12.5,4451086.452603775,4451086.452603775,0.0,20029.889036716995,20029.889036716995,0.0,20.029889036717023,20.029889036717023,0.0,80110770.52273168,80110770.52273168,0.0,17023538.736080494,17023538.736080494,0.0,70096924.20739037,70096924.20739037,0.0,3604984.673522928,3604984.673522928,0.0,45052082.57610544,42333115.600402646,0.0,0.9396483620682861,6.035163793171394,215888300.71583104,213169333.74012786,-2718966.97570318,0.0
Norovirus,2x,Laboratory PCR,1.0,0.0,1.0,0.0,250,365,10000,0.03,2,100.0,1362754.3650850654,1362754.3650850635,-1.862645149230957e-09,6132.394642882792,6132.394642882785,-7.275957614183426e-12,6.132394642882796,6.132394642882788,-7.993605777301127e-15,24525209.282810148,24525209.282810114,-3.3527612686157227e-08,5211606.972597159,5211606.972597154,-5.587935447692871e-09,21459558.122458886,21459558.122458857,-2.9802322387695312e-08,1103634.4177264576,1103634.4177264562,-1.3969838619232178e-09,360416660.6088435,338664924.80322117,0.0,0.9396483620682861,6.035163793171394,412716669.40443623,390964933.5988138,-21751735.80562246,1.3887668244438433e-15
Norovirus,2x,Sentinel RT-LAMP,1.0,0.0,1.0,0.0,250,365,10000,0.03,2,20.0,1362754.3650850654,1362754.3650850635,-1.862645149230957e-09,6132.394642882792,6132.394642882785,-7.275957614183426e-12,6.132394642882796,6.132394642882788,-7.993605777301127e-15,24525209.282810148,24525209.282810114,-3.3527612686157227e-08,5211606.972597159,5211606.972597154,-5.587935447692871e-09,21459558.122458886,21459558.122458857,-2.9802322387695312e-08,1103634.4177264576,1103634.4177264562,-1.3969838619232178e-09,72083332.12176865,67732984.96064423,0.0,0.9396483620682866,6.035163793171339,124383340.91736141,120032993.7562369,-4350347.161124513,1.3887668244438433e-15
Ebola,0.5x,RAT,1.0,0.0,1.0,0.0,250,365,10000,0.35,10,12.5,1012.350398820277,1012.350398820277,0.0,820.003823044416,820.0038230444161,1.1368683772161603e-13,523.8913313894875,523.8913313894875,0.0,17027518.088524405,17027518.088524405,0.0,3618347.5938114366,3618347.5938114366,0.0,1813115352.0188034,1813115352.0188034,0.0,8513759.044262202,8513759.044262202,0.0,45052082.57610544,2909825.192951308,0.0,0.06458802848982192,93.54119715101781,1887327059.3215072,1845184801.9383523,-42142257.38315487,1.3864183864354754e-16
Ebola,0.5x,Laboratory PCR,1.0,0.0,1.0,0.0,250,365,10000,0.35,10,100.0,93.45294629834672,93.45294629834672,0.0,75.69688650166023,75.69688650166023,0.0,48.361899709394045,48.361899709394045,0.0,1571858.2426503205,1571858.2426503205,0.0,334019.87656319304,334019.87656319304,0.0,167373794.3562841,167373794.3562841,0.0,785929.1213251601,785929.1213251601,0.0,360416660.6088435,23278601.543610465,0.0,0.06458802848982192,93.54119715101781,530482262.2056659,193344203.14043325,-337138059.06523263,0.0
Ebola,0.5x,Sentinel RT-LAMP,1.0,0.0,1.0,0.0,250,365,10000,0.35,10,20.0,93.45294629834672,93.45294629834672,0.0,75.69688650166023,75.69688650166023,0.0,48.361899709394045,48.361899709394045,0.0,1571858.2426503205,1571858.2426503205,0.0,334019.87656319304,334019.87656319304,0.0,167373794.3562841,167373794.3562841,0.0,785929.1213251601,785929.1213251601,0.0,72083332.12176865,4655720.308722096,0.0,0.06458802848982201,93.5411971510178,242148933.71859124,174721321.9055447,-67427611.81304654,0.0
Ebola,1x,RAT,1.0,0.0,1.0,0.0,250,365,10000,0.35,10,12.5,2024.5762936964848,2024.5762936964848,0.0,1639.906797894135,1639.906797894135,0.0,1047.7182319879194,1047.7182319879194,0.0,34052951.82112255,34052951.82112255,0.0,7236252.261988546,7236252.261988546,0.0,3626008758.7306414,3626008758.7306414,0.0,17026475.910561275,17026475.910561275,0.0,45052082.57610544,5576405.54388093,0.0,0.12377686501974326,87.62231349802568,3729376521.3004193,3689900844.268195,-39475677.03222418,0.0
Ebola,1x,Laboratory PCR,1.0,0.0,1.0,0.0,250,365,10000,0.35,10,100.0,186.90483134158114,186.90483134158114,0.0,151.39291338667948,151.39291338667948,0.0,96.72325021926748,96.72325021926748,0.0,3143698.7185442834,3143698.7185442834,0.0,668035.9776906606,668035.9776906606,0.0,334745696.8820302,334745696.8820302,0.0,1571849.3592721417,1571849.3592721417,0.0,360416660.6088435,44611244.35104744,0.0,0.12377686501974326,87.62231349802568,700545941.546381,384740525.2885847,-315805416.2577963,0.0
Ebola,1x,Sentinel RT-LAMP,1.0,0.0,1.0,0.0,250,365,10000,0.35,10,20.0,186.90483134158114,186.90483134158114,0.0,151.39291338667948,151.39291338667948,0.0,96.72325021926748,96.72325021926748,0.0,3143698.7185442834,3143698.7185442834,0.0,668035.9776906606,668035.9776906606,0.0,334745696.8820302,334745696.8820302,0.0,1571849.3592721417,1571849.3592721417,0.0,72083332.12176865,8922248.870209493,0.0,0.1237768650197434,87.62231349802566,412212613.0593059,349051529.80774707,-63161083.25155884,0.0
Ebola,2x,RAT,1.0,0.0,1.0,0.0,250,365,10000,0.35,10,12.5,4048.6547611520127,4048.6547611520127,0.0,3279.410356533092,3279.410356533092,0.0,2095.178838896146,2095.178838896146,0.0,68097569.381905,68097569.381905,0.0,14470733.493654836,14470733.493654836,0.0,7251130073.073218,7251130073.073218,0.0,34048784.690952495,34048784.690952495,0.0,45052082.57610544,10280287.462394148,0.0,0.22818673132430442,77.18132686756955,7412799243.215841,7378027448.102127,-34771795.11371422,0.0
Ebola,2x,Laboratory PCR,1.0,0.0,1.0,0.0,250,365,10000,0.35,10,100.0,373.8054179327967,373.8054179327967,0.0,302.78238852556274,302.78238852556274,0.0,193.4443037802208,193.4443037802208,0.0,6287326.374580636,6287326.374580636,0.0,1336056.8545983841,1336056.8545983841,0.0,669483826.9229375,669483826.9229375,0.0,3143663.187290318,3143663.187290318,0.0,360416660.6088435,82242299.69915318,0.0,0.22818673132430442,77.18132686756955,1040667533.9482502,762493173.0385591,-278174360.9096911,0.0
Ebola,2x,Sentinel RT-LAMP,1.0,0.0,1.0,0.0,250,365,10000,0.35,10,20.0,373.8054179327967,373.8054179327967,0.0,302.78238852556274,302.78238852556274,0.0,193.4443037802208,193.4443037802208,0.0,6287326.374580636,6287326.374580636,0.0,1336056.8545983841,1336056.8545983841,0.0,669483826.9229375,669483826.9229375,0.0,3143663.187290318,3143663.187290318,0.0,72083332.12176865,16448459.939830616,0.0,0.22818673132430428,77.18132686756958,752334205.4611758,696699333.2792381,-55634872.181937695,0.0
