scale,scenario,avian_included,prob_scenario,lead_days,n_total,N_downstream,flights_per_year,portfolio_ev_usd,annual_threshold_usd,threshold_per_flight_usd,deaths_averted,vsl,icu_enabled
Australia,A,False,low,2,52700,27100000,76942.0,644575.816088802,644575.816088802,8.37742476266281,0.16358419083914486,3500000,True
Australia,A,False,low,5,52700,27100000,76942.0,1329010.3825989536,1329010.3825989536,17.272885843868803,0.3497557115485633,3500000,True
Australia,A,False,low,10,52700,27100000,76942.0,2108229.112260654,2108229.112260654,27.400238000840297,0.5664734722978279,3500000,True
Australia,A,False,low,14,52700,27100000,76942.0,2523111.092158387,2523111.092158387,32.79237727324981,0.683200603895944,3500000,True
Australia,A,False,base,2,52700,27100000,76942.0,11068251.530615123,11068251.530615123,143.8518823349422,2.7681427567817924,3500000,True
Australia,A,False,base,5,52700,27100000,76942.0,22600024.50340161,22600024.50340161,293.72806144110643,5.89511334239848,3500000,True
Australia,A,False,base,10,52700,27100000,76942.0,35701005.60699944,35701005.60699944,463.99892915442075,9.541062702642238,3500000,True
Australia,A,False,base,14,52700,27100000,76942.0,42693765.94039261,42693765.94039261,554.8824561408933,11.512592758204034,3500000,True
Australia,A,False,high,2,52700,27100000,76942.0,60928579.59959795,60928579.59959795,791.8767331184263,15.415149427233144,3500000,True
Australia,A,False,high,5,52700,27100000,76942.0,125754569.17708318,125754569.17708318,1634.4073350976473,33.07002032963701,3500000,True
Australia,A,False,high,10,52700,27100000,76942.0,200522881.85252425,200522881.85252425,2606.1563496208087,53.911682267433214,3500000,True
Australia,A,False,high,14,52700,27100000,76942.0,240975425.48934454,240975425.48934454,3131.9100814814346,65.31793078727786,3500000,True
Australia,A,True,low,2,52700,27100000,76942.0,1835182.4080613472,1835182.4080613472,23.85150383485414,0.4977308562556791,3500000,True
Australia,A,True,low,5,52700,27100000,76942.0,3434707.719318595,3434707.719318595,44.640218857302834,0.9407288654267648,3500000,True
Australia,A,True,low,10,52700,27100000,76942.0,4775860.344820275,4775860.344820275,62.07091503756433,1.315204624712997,3500000,True
Australia,A,True,low,14,52700,27100000,76942.0,5330565.505503188,5330565.505503188,69.280308615622,1.4712339193958146,3500000,True
Australia,A,True,base,2,52700,27100000,76942.0,40833416.329928756,40833416.329928756,530.7038591397254,11.121809392195148,3500000,True
Australia,A,True,base,5,52700,27100000,76942.0,75242457.92139265,75242457.92139265,977.9113867769573,20.669442189353514,3500000,True
Australia,A,True,base,10,52700,27100000,76942.0,102391786.42098998,102391786.42098998,1330.7658550725218,28.259341513021464,3500000,True
Australia,A,True,base,14,52700,27100000,76942.0,112880126.27401263,112880126.27401263,1467.080739700198,31.213425645700795,3500000,True
Australia,A,True,high,2,52700,27100000,76942.0,269284733.19479334,269284733.19479334,3499.8405707519087,73.89081587512663,3500000,True
Australia,A,True,high,5,52700,27100000,76942.0,494251603.1030204,494251603.1030204,6423.690612448603,136.49032225832227,3500000,True
Australia,A,True,high,10,52700,27100000,76942.0,667358347.550458,667358347.550458,8673.524831047516,184.9396339400878,3500000,True
Australia,A,True,high,14,52700,27100000,76942.0,732279947.8246846,732279947.8246846,9517.298066396566,203.22376099975517,3500000,True
Australia,B,False,low,2,52700,27100000,76942.0,897899.319961421,897899.319961421,11.669820383684087,0.22274753068221156,3500000,True
Australia,B,False,low,5,52700,27100000,76942.0,2343527.5745190387,2343527.5745190387,30.45836571078265,0.6112209682190246,3500000,True
Australia,B,False,low,10,52700,27100000,76942.0,5625307.49673742,5625307.49673742,73.1110121485979,1.512734090692455,3500000,True
Australia,B,False,low,14,52700,27100000,76942.0,9415011.436448324,9415011.436448324,122.36504687229764,2.5583212706188467,3500000,True
Australia,B,False,base,2,52700,27100000,76942.0,15478171.453651516,15478171.453651516,201.16674187896749,3.770940582761906,3500000,True
Australia,B,False,base,5,52700,27100000,76942.0,39705575.88790837,39705575.88790837,516.0455393401311,10.249015201292803,3500000,True
Australia,B,False,base,10,52700,27100000,76942.0,94068733.40201151,94068733.40201151,1222.5927764031544,25.17481803366997,3500000,True
Australia,B,False,base,14,52700,27100000,76942.0,156516304.82007992,156516304.82007992,2034.2115466205703,42.41310256101685,3500000,True
Australia,B,False,high,2,52700,27100000,76942.0,84288632.97981778,84288632.97981778,1095.4827399835951,20.798187050199573,3500000,True
Australia,B,False,high,5,52700,27100000,76942.0,217493237.09964103,217493237.09964103,2826.716709984677,56.58882582866932,3500000,True
Australia,B,False,high,10,52700,27100000,76942.0,514982077.93092084,514982077.93092084,6693.1205054576285,138.45288567032833,3500000,True
Australia,B,False,high,14,52700,27100000,76942.0,854043996.7755017,854043996.7755017,11099.841397097836,232.20568504704772,3500000,True
Australia,B,True,low,2,52700,27100000,76942.0,3342236.1240392495,3342236.1240392495,43.438383770102796,0.908787462973109,3500000,True
Australia,B,True,low,5,52700,27100000,76942.0,10393629.322688678,10393629.322688678,135.08395054311922,2.8705243152936455,3500000,True
Australia,B,True,low,10,52700,27100000,76942.0,28981118.76050563,28981118.76050563,376.6618850628478,8.067335862757258,3500000,True
Australia,B,True,low,14,52700,27100000,76942.0,48673496.710936666,48673496.710936666,632.5998376821069,13.57599112813962,3500000,True
Australia,B,True,base,2,52700,27100000,76942.0,76586591.55559722,76586591.55559722,995.3808265394351,20.921938890034337,3500000,True
Australia,B,True,base,5,52700,27100000,76942.0,240958119.5921494,240958119.5921494,3131.685160148546,66.73159887815831,3500000,True
Australia,B,True,base,10,52700,27100000,76942.0,677964014.9962169,677964014.9962169,8811.364599259401,189.03986233529008,3500000,True
Australia,B,True,base,14,52700,27100000,76942.0,1137978436.6822886,1137978436.6822886,14790.081316865804,317.85484899903616,3500000,True
Australia,B,True,high,2,52700,27100000,76942.0,512047573.69343764,512047573.69343764,6654.981332606868,140.8551752011066,3500000,True
Australia,B,True,high,5,52700,27100000,76942.0,1626261043.029328,1626261043.029328,21136.194055643577,451.9669115667278,3500000,True
Australia,B,True,high,10,52700,27100000,76942.0,4602249049.090358,4602249049.090358,59814.52326545135,1285.5081957816687,3500000,True
Australia,B,True,high,14,52700,27100000,76942.0,7724278919.810962,7724278919.810962,100390.92978881445,2160.2979101131828,3500000,True
United_States,A,False,low,2,300000,350000000,438000.0,4613679.395626387,4613679.395626387,10.533514601886727,1.043353763515202,3500000,True
United_States,A,False,low,5,300000,350000000,438000.0,8848865.441657405,8848865.441657405,20.20288913620412,2.145764803942684,3500000,True
United_States,A,False,low,10,300000,350000000,438000.0,13416860.615590371,13416860.615590371,30.63210186207847,3.3993511367697784,3500000,True
United_States,A,False,low,14,300000,350000000,438000.0,15808161.924818601,15808161.924818601,36.09169389227991,4.069751935149139,3500000,True
United_States,A,False,base,2,300000,350000000,438000.0,81858342.3464723,81858342.3464723,186.89119257185456,17.990704391583037,3500000,True
United_States,A,False,base,5,300000,350000000,438000.0,154210879.52623618,154210879.52623618,352.0796336215438,36.62357427845506,3500000,True
United_States,A,False,base,10,300000,350000000,438000.0,231322700.8495808,231322700.8495808,528.1340202045224,57.74600250705155,3500000,True
United_States,A,False,base,14,300000,350000000,438000.0,271658711.6283172,271658711.6283172,620.2253690144228,69.07056041274787,3500000,True
United_States,A,False,high,2,300000,350000000,438000.0,441101441.35552,441101441.35552,1007.0809163368036,98.9170990812028,3500000,True
United_States,A,False,high,5,300000,350000000,438000.0,843670769.7679703,843670769.7679703,1926.1889720729916,203.5825996693265,3500000,True
United_States,A,False,high,10,300000,350000000,438000.0,1281975989.006801,1281975989.006801,2926.88581965023,324.06706786484744,3500000,True
United_States,A,False,high,14,300000,350000000,438000.0,1514910816.147558,1514910816.147558,3458.7004934875754,389.5081072080662,3500000,True
United_States,A,True,low,2,300000,350000000,438000.0,11707589.505044255,11707589.505044255,26.72965640421063,3.034417027242665,3500000,True
United_States,A,True,low,5,300000,350000000,438000.0,21558434.90300299,21558434.90300299,49.22017101142235,5.713061376451974,3500000,True
United_States,A,True,low,10,300000,350000000,438000.0,29643013.066924784,29643013.066924784,67.67811202494244,7.953987008231853,3500000,True
United_States,A,True,low,14,300000,350000000,438000.0,32916519.221106008,32916519.221106008,75.15187036782194,8.872356037873894,3500000,True
United_States,A,True,base,2,300000,350000000,438000.0,259206095.081919,259206095.081919,591.7947376299521,67.76728598476961,3500000,True
United_States,A,True,base,5,300000,350000000,438000.0,471950116.0598757,471950116.0598757,1077.5116805019993,125.80598859118729,3500000,True
United_States,A,True,base,10,300000,350000000,438000.0,636976512.132941,636976512.132941,1454.284274276121,171.61189929360344,3500000,True
United_States,A,True,base,14,300000,350000000,438000.0,699367644.0355024,699367644.0355024,1596.7297809029735,189.13566298086673,3500000,True
United_States,A,True,high,2,300000,350000000,438000.0,1682535710.503647,1682535710.503647,3841.4057317434863,447.3531702335088,3500000,True
United_States,A,True,high,5,300000,350000000,438000.0,3067845425.5034466,3067845425.5034466,7004.21330023618,827.8594998584521,3500000,True
United_States,A,True,high,10,300000,350000000,438000.0,4121552667.9903226,4121552667.9903226,9409.937598151422,1121.1283453707106,3500000,True
United_States,A,True,high,14,300000,350000000,438000.0,4508873342.997853,4508873342.997853,10294.231376707428,1229.963825184898,3500000,True
United_States,B,False,low,2,300000,350000000,438000.0,6848021.22078344,6848021.22078344,15.634751645624293,1.4740096210191775,3500000,True
United_States,B,False,low,5,300000,350000000,438000.0,16186682.246807626,16186682.246807626,36.95589554065668,3.8268261367511545,3500000,True
United_States,B,False,low,10,300000,350000000,438000.0,35934754.487059005,35934754.487059005,82.04281846360503,9.152486019382,3500000,True
United_States,B,False,low,14,300000,350000000,438000.0,58728966.48033328,58728966.48033328,134.0843983569253,15.413756633909147,3500000,True
United_States,B,False,base,2,300000,350000000,438000.0,122782878.8756806,122782878.8756806,280.32620747872284,25.569675642924057,3500000,True
United_States,B,False,base,5,300000,350000000,438000.0,282597478.039001,282597478.039001,645.1997215502306,65.19566898795647,3500000,True
United_States,B,False,base,10,300000,350000000,438000.0,611644404.854786,611644404.854786,1396.4484129104703,153.55784084335139,3500000,True
United_States,B,False,base,14,300000,350000000,438000.0,987333574.9347764,987333574.9347764,2254.186244143325,256.7144933681945,3500000,True
United_States,B,False,high,2,300000,350000000,438000.0,653185222.5523946,653185222.5523946,1491.2904624483895,138.9131426212684,3500000,True
United_States,B,False,high,5,300000,350000000,438000.0,1520970178.568297,1520970178.568297,3472.534654265518,356.40399317108097,3500000,True
United_States,B,False,high,10,300000,350000000,438000.0,3312421295.8652697,3312421295.8652697,7562.6056983225335,839.4208556123557,3500000,True
United_States,B,False,high,14,300000,350000000,438000.0,5343693606.663572,5343693606.663572,12200.213713843772,1398.2841019840778,3500000,True
United_States,B,True,low,2,300000,350000000,438000.0,21672851.84449467,21672851.84449467,49.481396905238974,5.635223918208672,3500000,True
United_States,B,True,low,5,300000,350000000,438000.0,68701169.58658534,68701169.58658534,156.85198535750078,18.56785796338349,3500000,True
United_States,B,True,low,10,300000,350000000,438000.0,215467795.20918354,215467795.20918354,491.93560550041906,59.54885860537667,3500000,True
United_States,B,True,low,14,300000,350000000,438000.0,408197384.3235816,408197384.3235816,931.9574984556657,113.51222737172151,3500000,True
United_States,B,True,base,2,300000,350000000,438000.0,493403644.4684613,493403644.4684613,1126.4923389690896,129.6000330726614,3500000,True
United_States,B,True,base,5,300000,350000000,438000.0,1595459661.5334442,1595459661.5334442,3642.6019669713337,433.7214646537648,3500000,True
United_States,B,True,base,10,300000,350000000,438000.0,5099970422.907901,5099970422.907901,11643.768088830824,1413.4671554932183,3500000,True
United_States,B,True,base,14,300000,350000000,438000.0,9724044021.015982,9724044021.015982,22201.01374661183,2709.1762618135035,3500000,True
United_States,B,True,high,2,300000,350000000,438000.0,3247530581.701859,3247530581.701859,7414.453382880956,867.1256446294299,3500000,True
United_States,B,True,high,5,300000,350000000,438000.0,10711005463.029396,10711005463.029396,24454.350372213234,2936.0845628317393,3500000,True
United_States,B,True,high,10,300000,350000000,438000.0,34730703422.23707,34730703422.23707,79293.843429765,9658.786058161426,3500000,True
United_States,B,True,high,14,300000,350000000,438000.0,66500666729.23201,66500666729.23201,151828.00623112332,18565.516481101236,3500000,True
