scenario,avian_included,prob_scenario,lead_days,threat_class,representative_pathogen,annual_event_probability,useful_warning_probability_given_event,combined_prob,conditional_Bd,conditional_Bd_raw,expected_annual_contribution,expected_deaths_averted_per_year,cost_per_arriving_flight_contribution,n_total,pct_of_portfolio_ev,portfolio_view
A_screening_only,False,low,2,SARS-like respiratory virus,SARS-CoV-2,0.005,0.05,0.00025,240136917.41750735,240136917.41750735,60034.22935437684,0.016555325478995655,4.111933517423071,10000,41.54007275987083,A_screening_only_without_avian
A_screening_only,False,low,2,Ebola-like viral haemorrhagic fever,Ebola,0.001,0.05,5e-05,351801365.43947506,351801365.43947506,17590.068271973752,0.004979696068995902,1.204799196710531,10000,12.171268353519947,A_screening_only_without_avian
A_screening_only,False,low,2,Mpox-like orthopoxvirus,Mpox,0.005,0.05,0.00025,105453196.17316249,105453196.17316249,26363.299043290623,0.0074035345468084395,1.8057054139240152,10000,18.24181591445188,A_screening_only_without_avian
A_screening_only,False,low,2,High-burden enteric outbreak,Norovirus,0.02,0.05,0.001,40533645.990222424,40533645.990222424,40533.64599022242,0.004901952291033176,2.7762771226179743,10000,28.046842972157343,A_screening_only_without_avian
A_screening_only,False,low,5,SARS-like respiratory virus,SARS-CoV-2,0.005,0.05,0.00025,512072967.3061444,512072967.3061444,128018.2418265361,0.03531304581073923,8.76837272784494,10000,45.40165766967353,A_screening_only_without_avian
A_screening_only,False,low,5,Ebola-like viral haemorrhagic fever,Ebola,0.001,0.05,5e-05,803100113.2425077,803100113.2425077,40155.00566212539,0.01136907868087801,2.750342853570232,10000,14.240969058658948,A_screening_only_without_avian
A_screening_only,False,low,5,Mpox-like orthopoxvirus,Mpox,0.005,0.05,0.00025,243274658.64189813,243274658.64189813,60818.66466047453,0.017085079528685734,4.165661963046201,10000,21.56933381871497,A_screening_only_without_avian
A_screening_only,False,low,5,High-burden enteric outbreak,Norovirus,0.02,0.05,0.001,52976298.698916554,52976298.698916554,52976.29869891656,0.0064638519490664735,3.6285136095148327,10000,18.788039452952553,A_screening_only_without_avian
A_screening_only,False,low,10,SARS-like respiratory virus,SARS-CoV-2,0.005,0.05,0.00025,801437536.7310243,801437536.7310243,200359.38418275607,0.055297927007221075,13.723245491969594,10000,46.32526586417014,A_screening_only_without_avian
A_screening_only,False,low,10,Ebola-like viral haemorrhagic fever,Ebola,0.001,0.05,5e-05,1386435750.2052023,1386435750.2052023,69321.78751026012,0.019631209593317215,4.74806763768905,10000,16.027950223999014,A_screening_only_without_avian
A_screening_only,False,low,10,Mpox-like orthopoxvirus,Mpox,0.005,0.05,0.00025,426595472.0427035,426595472.0427035,106648.86801067588,0.02997729861762574,7.304716987032595,10000,24.658376670797125,A_screening_only_without_avian
A_screening_only,False,low,10,High-burden enteric outbreak,Norovirus,0.02,0.05,0.001,56175592.903420955,56175592.903420955,56175.592903420955,0.0069667316381864805,3.8476433495493803,10000,12.988407241033716,A_screening_only_without_avian
A_screening_only,False,low,14,SARS-like respiratory virus,SARS-CoV-2,0.005,0.05,0.00025,937837818.2255151,937837818.2255151,234459.4545563788,0.06474110459900775,16.058866750436906,10000,45.81828894836983,A_screening_only_without_avian
A_screening_only,False,low,14,Ebola-like viral haemorrhagic fever,Ebola,0.001,0.05,5e-05,1732088540.6025465,1732088540.6025465,86604.42703012732,0.024530040158529613,5.931810070556666,10000,16.92431925759774,A_screening_only_without_avian
A_screening_only,False,low,14,Mpox-like orthopoxvirus,Mpox,0.005,0.05,0.00025,538739647.234667,538739647.234667,134684.91180866674,0.03787745307919091,9.224993959497722,10000,26.320253187961317,A_screening_only_without_avian
A_screening_only,False,low,14,High-burden enteric outbreak,Norovirus,0.02,0.05,0.001,55967073.64774212,55967073.64774212,55967.07364774212,0.007037563658567738,3.8333612087494604,10000,10.9371386060711,A_screening_only_without_avian
A_screening_only,False,base,2,SARS-like respiratory virus,SARS-CoV-2,0.02,0.2,0.004,240136917.41750735,240136917.41750735,960547.6696700294,0.2648852076639305,65.79093627876914,10000,37.744992031133506,A_screening_only_without_avian
A_screening_only,False,base,2,Ebola-like viral haemorrhagic fever,Ebola,0.005,0.2,0.001,351801365.43947506,351801365.43947506,351801.36543947505,0.09959392137991804,24.09598393421062,10000,13.824134037633373,A_screening_only_without_avian
A_screening_only,False,base,2,Mpox-like orthopoxvirus,Mpox,0.02,0.2,0.004,105453196.17316249,105453196.17316249,421812.78469264996,0.11845655274893503,28.891286622784243,10000,16.5752525351747,A_screening_only_without_avian
A_screening_only,False,base,2,High-burden enteric outbreak,Norovirus,0.1,0.2,0.020000000000000004,40533645.990222424,40533645.990222424,810672.9198044486,0.09803904582066354,55.525542452359495,10000,31.85562139605842,A_screening_only_without_avian
A_screening_only,False,base,5,SARS-like respiratory virus,SARS-CoV-2,0.02,0.2,0.004,512072967.3061444,512072967.3061444,2048291.8692245777,0.5650087329718276,140.29396364551903,10000,41.93867549495231,A_screening_only_without_avian
A_screening_only,False,base,5,Ebola-like viral haemorrhagic fever,Ebola,0.005,0.2,0.001,803100113.2425077,803100113.2425077,803100.1132425077,0.22738157361756017,55.00685707140464,10000,16.44343540356267,A_screening_only_without_avian
A_screening_only,False,base,5,Mpox-like orthopoxvirus,Mpox,0.02,0.2,0.004,243274658.64189813,243274658.64189813,973098.6345675925,0.27336127245897174,66.65059140873922,10000,19.924146784394097,A_screening_only_without_avian
A_screening_only,False,base,5,High-burden enteric outbreak,Norovirus,0.1,0.2,0.020000000000000004,52976298.698916554,52976298.698916554,1059525.9739783313,0.1292770389813295,72.57027219029666,10000,21.69374231709094,A_screening_only_without_avian
A_screening_only,False,base,10,SARS-like respiratory virus,SARS-CoV-2,0.02,0.2,0.004,801437536.7310243,801437536.7310243,3205750.146924097,0.8847668321155372,219.5719278715135,10000,43.19207420238835,A_screening_only_without_avian
A_screening_only,False,base,10,Ebola-like viral haemorrhagic fever,Ebola,0.005,0.2,0.001,1386435750.2052023,1386435750.2052023,1386435.7502052023,0.3926241918663443,94.96135275378097,10000,18.679882416028136,A_screening_only_without_avian
A_screening_only,False,base,10,Mpox-like orthopoxvirus,Mpox,0.02,0.2,0.004,426595472.0427035,426595472.0427035,1706381.8881708141,0.47963677788201187,116.87547179252152,10000,22.99061678347024,A_screening_only_without_avian
A_screening_only,False,base,10,High-burden enteric outbreak,Norovirus,0.1,0.2,0.020000000000000004,56175592.903420955,56175592.903420955,1123511.8580684194,0.13933463276372965,76.95286699098763,10000,15.137426598113278,A_screening_only_without_avian
A_screening_only,False,base,14,SARS-like respiratory virus,SARS-CoV-2,0.02,0.2,0.004,937837818.2255151,937837818.2255151,3751351.2729020608,1.035857673584124,256.9418680069905,10000,42.83469623755556,A_screening_only_without_avian
A_screening_only,False,base,14,Ebola-like viral haemorrhagic fever,Ebola,0.005,0.2,0.001,1732088540.6025465,1732088540.6025465,1732088.5406025464,0.4906008031705923,118.63620141113331,10000,19.77780300906468,A_screening_only_without_avian
A_screening_only,False,base,14,Mpox-like orthopoxvirus,Mpox,0.02,0.2,0.004,538739647.234667,538739647.234667,2154958.588938668,0.6060392492670545,147.59990335196355,10000,24.6063324510504,A_screening_only_without_avian
A_screening_only,False,base,14,High-burden enteric outbreak,Norovirus,0.1,0.2,0.020000000000000004,55967073.64774212,55967073.64774212,1119341.4729548427,0.14075127317135477,76.66722417498923,10000,12.781168302329357,A_screening_only_without_avian
A_screening_only,False,high,2,SARS-like respiratory virus,SARS-CoV-2,0.05,0.4,0.020000000000000004,240136917.41750735,240136917.41750735,4802738.348350148,1.3244260383196527,328.95468139384576,10000,34.85403123395332,A_screening_only_without_avian
A_screening_only,False,high,2,Ebola-like viral haemorrhagic fever,Ebola,0.02,0.4,0.008,351801365.43947506,351801365.43947506,2814410.9235158004,0.7967513710393443,192.76787147368495,10000,20.424507670107936,A_screening_only_without_avian
A_screening_only,False,high,2,Mpox-like orthopoxvirus,Mpox,0.05,0.4,0.020000000000000004,105453196.17316249,105453196.17316249,2109063.92346325,0.5922827637446753,144.45643311392124,10000,15.305722388154757,A_screening_only_without_avian
A_screening_only,False,high,2,High-burden enteric outbreak,Norovirus,0.25,0.4,0.1,40533645.990222424,40533645.990222424,4053364.5990222427,0.4901952291033176,277.62771226179746,10000,29.415738707783976,A_screening_only_without_avian
A_screening_only,False,high,5,SARS-like respiratory virus,SARS-CoV-2,0.05,0.4,0.020000000000000004,512072967.3061444,512072967.3061444,10241459.34612289,2.825043664859139,701.4698182275953,10000,38.17254848385091,A_screening_only_without_avian
A_screening_only,False,high,5,Ebola-like viral haemorrhagic fever,Ebola,0.02,0.4,0.008,803100113.2425077,803100113.2425077,6424800.905940061,1.8190525889404814,440.0548565712371,10000,23.94688254793795,A_screening_only_without_avian
A_screening_only,False,high,5,Mpox-like orthopoxvirus,Mpox,0.05,0.4,0.020000000000000004,243274658.64189813,243274658.64189813,4865493.172837963,1.3668063622948587,333.25295704369614,10000,18.13494227346749,A_screening_only_without_avian
A_screening_only,False,high,5,High-burden enteric outbreak,Norovirus,0.25,0.4,0.1,52976298.698916554,52976298.698916554,5297629.869891656,0.6463851949066474,362.8513609514833,10000,19.745626694743653,A_screening_only_without_avian
A_screening_only,False,high,10,SARS-like respiratory virus,SARS-CoV-2,0.05,0.4,0.020000000000000004,801437536.7310243,801437536.7310243,16028750.73462049,4.423834160577687,1097.8596393575679,10000,38.83902381435549,A_screening_only_without_avian
A_screening_only,False,high,10,Ebola-like viral haemorrhagic fever,Ebola,0.02,0.4,0.008,1386435750.2052023,1386435750.2052023,11091486.001641618,3.1409935349307543,759.6908220302478,10000,26.87561220999604,A_screening_only_without_avian
A_screening_only,False,high,10,Mpox-like orthopoxvirus,Mpox,0.05,0.4,0.020000000000000004,426595472.0427035,426595472.0427035,8531909.440854073,2.3981838894100598,584.3773589626077,10000,20.673540904190844,A_screening_only_without_avian
A_screening_only,False,high,10,High-burden enteric outbreak,Norovirus,0.25,0.4,0.1,56175592.903420955,56175592.903420955,5617559.290342096,0.6966731638186481,384.7643349549381,10000,13.611823071457628,A_screening_only_without_avian
A_screening_only,False,high,14,SARS-like respiratory virus,SARS-CoV-2,0.05,0.4,0.020000000000000004,937837818.2255151,937837818.2255151,18756756.364510305,5.179288367920622,1284.7093400349524,10000,38.290843659825974,A_screening_only_without_avian
A_screening_only,False,high,14,Ebola-like viral haemorrhagic fever,Ebola,0.02,0.4,0.008,1732088540.6025465,1732088540.6025465,13856708.324820371,3.9248064253647383,949.0896112890665,10000,28.28767628018173,A_screening_only_without_avian
A_screening_only,False,high,14,Mpox-like orthopoxvirus,Mpox,0.05,0.4,0.020000000000000004,538739647.234667,538739647.234667,10774792.944693342,3.030196246335273,737.9995167598179,10000,21.996122575483486,A_screening_only_without_avian
A_screening_only,False,high,14,High-burden enteric outbreak,Norovirus,0.25,0.4,0.1,55967073.64774212,55967073.64774212,5596707.364774212,0.7037563658567738,383.33612087494606,10000,11.425357484508806,A_screening_only_without_avian
A_screening_only,True,low,2,SARS-like respiratory virus,SARS-CoV-2,0.005,0.05,0.00025,240136917.41750735,240136917.41750735,60034.22935437684,0.016555325478995655,4.111933517423071,10000,15.84984284865462,A_screening_only_with_avian
A_screening_only,True,low,2,Avian-influenza-like respiratory virus,pandemic H5N1-like stress scenario,0.002,0.03,6e-05,3904122779.469406,3904122779.469406,234247.3667681644,0.0659604538597996,16.0443401896003,10000,61.84445092266155,A_screening_only_with_avian
A_screening_only,True,low,2,Ebola-like viral haemorrhagic fever,Ebola,0.001,0.05,5e-05,351801365.43947506,351801365.43947506,17590.068271973752,0.004979696068995902,1.204799196710531,10000,4.644014269961867,A_screening_only_with_avian
A_screening_only,True,low,2,Mpox-like orthopoxvirus,Mpox,0.005,0.05,0.00025,105453196.17316249,105453196.17316249,26363.299043290623,0.0074035345468084395,1.8057054139240152,10000,6.960265023836424,A_screening_only_with_avian
A_screening_only,True,low,2,High-burden enteric outbreak,Norovirus,0.02,0.05,0.001,40533645.990222424,40533645.990222424,40533.64599022242,0.004901952291033176,2.7762771226179743,10000,10.701426934885546,A_screening_only_with_avian
A_screening_only,True,low,5,SARS-like respiratory virus,SARS-CoV-2,0.005,0.05,0.00025,512072967.3061444,512072967.3061444,128018.2418265361,0.03531304581073923,8.76837272784494,10000,18.265261636845942,A_screening_only_with_avian
A_screening_only,True,low,5,Avian-influenza-like respiratory virus,pandemic H5N1-like stress scenario,0.002,0.03,6e-05,6981924842.150679,6981924842.150679,418915.49052904075,0.11796235535440973,28.692841817057584,10000,59.769615088203274,A_screening_only_with_avian
A_screening_only,True,low,5,Ebola-like viral haemorrhagic fever,Ebola,0.001,0.05,5e-05,803100113.2425077,803100113.2425077,40155.00566212539,0.01136907868087801,2.750342853570232,10000,5.729196667468369,A_screening_only_with_avian
A_screening_only,True,low,5,Mpox-like orthopoxvirus,Mpox,0.005,0.05,0.00025,243274658.64189813,243274658.64189813,60818.66466047453,0.017085079528685734,4.165661963046201,10000,8.677426018179377,A_screening_only_with_avian
A_screening_only,True,low,5,High-burden enteric outbreak,Norovirus,0.02,0.05,0.001,52976298.698916554,52976298.698916554,52976.29869891656,0.0064638519490664735,3.6285136095148327,10000,7.55850058930304,A_screening_only_with_avian
A_screening_only,True,low,10,SARS-like respiratory virus,SARS-CoV-2,0.005,0.05,0.00025,801437536.7310243,801437536.7310243,200359.38418275607,0.055297927007221075,13.723245491969594,10000,20.725332264703987,A_screening_only_with_avian
A_screening_only,True,low,10,Avian-influenza-like respiratory virus,pandemic H5N1-like stress scenario,0.002,0.03,6e-05,8903850398.089415,8903850398.089415,534231.0238853649,0.15044427550435127,36.59116601954554,10000,55.261277235898596,A_screening_only_with_avian
A_screening_only,True,low,10,Ebola-like viral haemorrhagic fever,Ebola,0.001,0.05,5e-05,1386435750.2052023,1386435750.2052023,69321.78751026012,0.019631209593317215,4.74806763768905,10000,7.170700215483089,A_screening_only_with_avian
A_screening_only,True,low,10,Mpox-like orthopoxvirus,Mpox,0.005,0.05,0.00025,426595472.0427035,426595472.0427035,106648.86801067588,0.02997729861762574,7.304716987032595,10000,11.031842776875784,A_screening_only_with_avian
A_screening_only,True,low,10,High-burden enteric outbreak,Norovirus,0.02,0.05,0.001,56175592.903420955,56175592.903420955,56175.592903420955,0.0069667316381864805,3.8476433495493803,10000,5.810847507038547,A_screening_only_with_avian
A_screening_only,True,low,14,SARS-like respiratory virus,SARS-CoV-2,0.005,0.05,0.00025,937837818.2255151,937837818.2255151,234459.4545563788,0.06474110459900775,16.058866750436906,10000,21.81340700795212,A_screening_only_with_avian
A_screening_only,True,low,14,Avian-influenza-like respiratory virus,pandemic H5N1-like stress scenario,0.002,0.03,6e-05,9385419840.594383,9385419840.594383,563125.190435663,0.15859231705361418,38.570218522990615,10000,52.39148491002692,A_screening_only_with_avian
A_screening_only,True,low,14,Ebola-like viral haemorrhagic fever,Ebola,0.001,0.05,5e-05,1732088540.6025465,1732088540.6025465,86604.42703012732,0.024530040158529613,5.931810070556666,10000,8.057417087628641,A_screening_only_with_avian
A_screening_only,True,low,14,Mpox-like orthopoxvirus,Mpox,0.005,0.05,0.00025,538739647.234667,538739647.234667,134684.91180866674,0.03787745307919091,9.224993959497722,10000,12.530681710709683,A_screening_only_with_avian
A_screening_only,True,low,14,High-burden enteric outbreak,Norovirus,0.02,0.05,0.001,55967073.64774212,55967073.64774212,55967.07364774212,0.007037563658567738,3.8333612087494604,10000,5.2070092836826305,A_screening_only_with_avian
A_screening_only,True,base,2,SARS-like respiratory virus,SARS-CoV-2,0.02,0.2,0.004,240136917.41750735,240136917.41750735,960547.6696700294,0.2648852076639305,65.79093627876914,10000,11.433704412480713,A_screening_only_with_avian
A_screening_only,True,base,2,Avian-influenza-like respiratory virus,pandemic H5N1-like stress scenario,0.01,0.15,0.0015,3904122779.469406,3904122779.469406,5856184.169204109,1.6490113464949898,401.1085047400075,10000,69.70802271451069,A_screening_only_with_avian
A_screening_only,True,base,2,Ebola-like viral haemorrhagic fever,Ebola,0.005,0.2,0.001,351801365.43947506,351801365.43947506,351801.36543947505,0.09959392137991804,24.09598393421062,10000,4.187603542595498,A_screening_only_with_avian
A_screening_only,True,base,2,Mpox-like orthopoxvirus,Mpox,0.02,0.2,0.004,105453196.17316249,105453196.17316249,421812.78469264996,0.11845655274893503,28.891286622784243,10000,5.020971732967612,A_screening_only_with_avian
A_screening_only,True,base,2,High-burden enteric outbreak,Norovirus,0.1,0.2,0.020000000000000004,40533645.990222424,40533645.990222424,810672.9198044486,0.09803904582066354,55.525542452359495,10000,9.64969759744549,A_screening_only_with_avian
A_screening_only,True,base,5,SARS-like respiratory virus,SARS-CoV-2,0.02,0.2,0.004,512072967.3061444,512072967.3061444,2048291.8692245777,0.5650087329718276,140.29396364551903,10000,13.337922075087938,A_screening_only_with_avian
A_screening_only,True,base,5,Avian-influenza-like respiratory virus,pandemic H5N1-like stress scenario,0.01,0.15,0.0015,6981924842.150679,6981924842.150679,10472887.263226017,2.949058883860243,717.3210454264396,10000,68.19660631224923,A_screening_only_with_avian
A_screening_only,True,base,5,Ebola-like viral haemorrhagic fever,Ebola,0.005,0.2,0.001,803100113.2425077,803100113.2425077,803100.1132425077,0.22738157361756017,55.00685707140464,10000,5.2295704971860255,A_screening_only_with_avian
A_screening_only,True,base,5,Mpox-like orthopoxvirus,Mpox,0.02,0.2,0.004,243274658.64189813,243274658.64189813,973098.6345675925,0.27336127245897174,66.65059140873922,10000,6.33655484076619,A_screening_only_with_avian
A_screening_only,True,base,5,High-burden enteric outbreak,Norovirus,0.1,0.2,0.020000000000000004,52976298.698916554,52976298.698916554,1059525.9739783313,0.1292770389813295,72.57027219029666,10000,6.8993462747106165,A_screening_only_with_avian
A_screening_only,True,base,10,SARS-like respiratory virus,SARS-CoV-2,0.02,0.2,0.004,801437536.7310243,801437536.7310243,3205750.146924097,0.8847668321155372,219.5719278715135,10000,15.428686502132663,A_screening_only_with_avian
A_screening_only,True,base,10,Avian-influenza-like respiratory virus,pandemic H5N1-like stress scenario,0.01,0.15,0.0015,8903850398.089415,8903850398.089415,13355775.597134123,3.7611068876087814,914.7791504886385,10000,64.27889424842785,A_screening_only_with_avian
A_screening_only,True,base,10,Ebola-like viral haemorrhagic fever,Ebola,0.005,0.2,0.001,1386435750.2052023,1386435750.2052023,1386435.7502052023,0.3926241918663443,94.96135275378097,10000,6.672660552098746,A_screening_only_with_avian
A_screening_only,True,base,10,Mpox-like orthopoxvirus,Mpox,0.02,0.2,0.004,426595472.0427035,426595472.0427035,1706381.8881708141,0.47963677788201187,116.87547179252152,10000,8.212502534162105,A_screening_only_with_avian
A_screening_only,True,base,10,High-burden enteric outbreak,Norovirus,0.1,0.2,0.020000000000000004,56175592.903420955,56175592.903420955,1123511.8580684194,0.13933463276372965,76.95286699098763,10000,5.4072561631786575,A_screening_only_with_avian
A_screening_only,True,base,14,SARS-like respiratory virus,SARS-CoV-2,0.02,0.2,0.004,937837818.2255151,937837818.2255151,3751351.2729020608,1.035857673584124,256.9418680069905,10000,16.427450903558274,A_screening_only_with_avian
A_screening_only,True,base,14,Avian-influenza-like respiratory virus,pandemic H5N1-like stress scenario,0.01,0.15,0.0015,9385419840.594383,9385419840.594383,14078129.760891575,3.9648079263403546,964.2554630747654,10000,61.64919481988666,A_screening_only_with_avian
A_screening_only,True,base,14,Ebola-like viral haemorrhagic fever,Ebola,0.005,0.2,0.001,1732088540.6025465,1732088540.6025465,1732088.5406025464,0.4906008031705923,118.63620141113331,10000,7.58494670091299,A_screening_only_with_avian
A_screening_only,True,base,14,Mpox-like orthopoxvirus,Mpox,0.02,0.2,0.004,538739647.234667,538739647.234667,2154958.588938668,0.6060392492670545,147.59990335196355,10000,9.436726620273348,A_screening_only_with_avian
A_screening_only,True,base,14,High-burden enteric outbreak,Norovirus,0.1,0.2,0.020000000000000004,55967073.64774212,55967073.64774212,1119341.4729548427,0.14075127317135477,76.66722417498923,10000,4.9016809553687315,A_screening_only_with_avian
A_screening_only,True,high,2,SARS-like respiratory virus,SARS-CoV-2,0.05,0.4,0.020000000000000004,240136917.41750735,240136917.41750735,4802738.348350148,1.3244260383196527,328.95468139384576,10000,8.768462586066198,A_screening_only_with_avian
A_screening_only,True,high,2,Avian-influenza-like respiratory virus,pandemic H5N1-like stress scenario,0.03,0.35,0.010499999999999999,3904122779.469406,3904122779.469406,40993289.18442876,11.543079425464928,2807.759533180052,10000,74.84232877623543,A_screening_only_with_avian
A_screening_only,True,high,2,Ebola-like viral haemorrhagic fever,Ebola,0.02,0.4,0.008,351801365.43947506,351801365.43947506,2814410.9235158004,0.7967513710393443,192.76787147368495,10000,5.138330488718336,A_screening_only_with_avian
A_screening_only,True,high,2,Mpox-like orthopoxvirus,Mpox,0.05,0.4,0.020000000000000004,105453196.17316249,105453196.17316249,2109063.92346325,0.5922827637446753,144.45643311392124,10000,3.850563316834104,A_screening_only_with_avian
A_screening_only,True,high,2,High-burden enteric outbreak,Norovirus,0.25,0.4,0.1,40533645.990222424,40533645.990222424,4053364.5990222427,0.4901952291033176,277.62771226179746,10000,7.400314832145952,A_screening_only_with_avian
A_screening_only,True,high,5,SARS-like respiratory virus,SARS-CoV-2,0.05,0.4,0.020000000000000004,512072967.3061444,512072967.3061444,10241459.34612289,2.825043664859139,701.4698182275953,10000,10.227182798517568,A_screening_only_with_avian
A_screening_only,True,high,5,Avian-influenza-like respiratory virus,pandemic H5N1-like stress scenario,0.03,0.35,0.010499999999999999,6981924842.150679,6981924842.150679,73310210.84258212,20.6434121870217,5021.247317985077,10000,73.20801674312045,A_screening_only_with_avian
A_screening_only,True,high,5,Ebola-like viral haemorrhagic fever,Ebola,0.02,0.4,0.008,803100113.2425077,803100113.2425077,6424800.905940061,1.8190525889404814,440.0548565712371,10000,6.415844762788149,A_screening_only_with_avian
A_screening_only,True,high,5,Mpox-like orthopoxvirus,Mpox,0.05,0.4,0.020000000000000004,243274658.64189813,243274658.64189813,4865493.172837963,1.3668063622948587,333.25295704369614,10000,4.858710697552183,A_screening_only_with_avian
A_screening_only,True,high,5,High-burden enteric outbreak,Norovirus,0.25,0.4,0.1,52976298.698916554,52976298.698916554,5297629.869891656,0.6463851949066474,362.8513609514833,10000,5.2902449980216595,A_screening_only_with_avian
A_screening_only,True,high,10,SARS-like respiratory virus,SARS-CoV-2,0.05,0.4,0.020000000000000004,801437536.7310243,801437536.7310243,16028750.73462049,4.423834160577687,1097.8596393575679,10000,11.894282219708424,A_screening_only_with_avian
A_screening_only,True,high,10,Avian-influenza-like respiratory virus,pandemic H5N1-like stress scenario,0.03,0.35,0.010499999999999999,8903850398.089415,8903850398.089415,93490429.17993884,26.32774821326147,6403.454053420468,10000,69.3754346747713,A_screening_only_with_avian
A_screening_only,True,high,10,Ebola-like viral haemorrhagic fever,Ebola,0.02,0.4,0.008,1386435750.2052023,1386435750.2052023,11091486.001641618,3.1409935349307543,759.6908220302478,10000,8.230539417805375,A_screening_only_with_avian
A_screening_only,True,high,10,Mpox-like orthopoxvirus,Mpox,0.05,0.4,0.020000000000000004,426595472.0427035,426595472.0427035,8531909.440854073,2.3981838894100598,584.3773589626077,10000,6.331182039241799,A_screening_only_with_avian
A_screening_only,True,high,10,High-burden enteric outbreak,Norovirus,0.25,0.4,0.1,56175592.903420955,56175592.903420955,5617559.290342096,0.6966731638186481,384.7643349549381,10000,4.168561648473092,A_screening_only_with_avian
A_screening_only,True,high,14,SARS-like respiratory virus,SARS-CoV-2,0.05,0.4,0.020000000000000004,937837818.2255151,937837818.2255151,18756756.364510305,5.179288367920622,1284.7093400349524,10000,12.71369768564234,A_screening_only_with_avian
A_screening_only,True,high,14,Avian-influenza-like respiratory virus,pandemic H5N1-like stress scenario,0.03,0.35,0.010499999999999999,9385419840.594383,9385419840.594383,98546908.32624102,27.75365548438248,6749.788241523357,10000,66.79702907935321,A_screening_only_with_avian
A_screening_only,True,high,14,Ebola-like viral haemorrhagic fever,Ebola,0.02,0.4,0.008,1732088540.6025465,1732088540.6025465,13856708.324820371,3.9248064253647383,949.0896112890665,10000,9.392348929435437,A_screening_only_with_avian
A_screening_only,True,high,14,Mpox-like orthopoxvirus,Mpox,0.05,0.4,0.020000000000000004,538739647.234667,538739647.234667,10774792.944693342,3.030196246335273,737.9995167598179,10000,7.303366182407603,A_screening_only_with_avian
A_screening_only,True,high,14,High-burden enteric outbreak,Norovirus,0.25,0.4,0.1,55967073.64774212,55967073.64774212,5596707.364774212,0.7037563658567738,383.33612087494606,10000,3.7935581231613993,A_screening_only_with_avian
B_screening_plus_countermeasures,False,low,2,SARS-like respiratory virus,SARS-CoV-2,0.005,0.05,0.00025,343144245.5864057,343144245.5864057,85786.06139660142,0.023647307890868274,5.875757629904207,10000,40.65098529019516,B_screening_plus_countermeasures_without_avian
B_screening_plus_countermeasures,False,low,2,Ebola-like viral haemorrhagic fever,Ebola,0.001,0.05,5e-05,434317589.15275407,434317589.15275407,21715.879457637704,0.006146997377936519,1.487389003947788,10000,10.290388462000823,B_screening_plus_countermeasures_without_avian
B_screening_plus_countermeasures,False,low,2,Mpox-like orthopoxvirus,Mpox,0.005,0.05,0.00025,127151635.8182495,127151635.8182495,31787.908954562376,0.008921934485113314,2.177254037983724,10000,15.063167585511408,B_screening_plus_countermeasures_without_avian
B_screening_plus_countermeasures,False,low,2,High-burden enteric outbreak,Norovirus,0.02,0.05,0.001,71740856.5423497,71740856.5423497,71740.85654234969,0.008639472726621222,4.913757297421212,10000,33.9954586622926,B_screening_plus_countermeasures_without_avian
B_screening_plus_countermeasures,False,low,5,SARS-like respiratory virus,SARS-CoV-2,0.005,0.05,0.00025,1018485138.988826,1018485138.988826,254621.28474720652,0.07018287616622745,17.439814023781267,10000,49.910917006310264,B_screening_plus_countermeasures_without_avian
B_screening_plus_countermeasures,False,low,5,Ebola-like viral haemorrhagic fever,Ebola,0.001,0.05,5e-05,1194229492.2557976,1194229492.2557976,59711.47461278988,0.016902713085461627,4.089827028273279,10000,11.704655628779104,B_screening_plus_countermeasures_without_avian
B_screening_plus_countermeasures,False,low,5,Mpox-like orthopoxvirus,Mpox,0.005,0.05,0.00025,345201497.03184354,345201497.03184354,86300.37425796088,0.024218383361118697,5.910984538216499,10000,16.916617247764698,B_screening_plus_countermeasures_without_avian
B_screening_plus_countermeasures,False,low,5,High-burden enteric outbreak,Norovirus,0.02,0.05,0.001,109518352.30848765,109518352.30848765,109518.35230848765,0.013235736077655408,7.501257007430661,10000,21.46781011714593,B_screening_plus_countermeasures_without_avian
B_screening_plus_countermeasures,False,low,10,SARS-like respiratory virus,SARS-CoV-2,0.005,0.05,0.00025,2748885143.0326104,2748885143.0326104,687221.2857581526,0.18942302276926437,47.06995107932552,10000,59.4034727121593,B_screening_plus_countermeasures_without_avian
B_screening_plus_countermeasures,False,low,10,Ebola-like viral haemorrhagic fever,Ebola,0.001,0.05,5e-05,2811242678.531605,2811242678.531605,140562.13392658025,0.039793492548699474,9.627543419628784,10000,12.150204104721206,B_screening_plus_countermeasures_without_avian
B_screening_plus_countermeasures,False,low,10,Mpox-like orthopoxvirus,Mpox,0.005,0.05,0.00025,794035684.7787341,794035684.7787341,198508.92119468353,0.055697791115069346,13.596501451690653,10000,17.159129857712898,B_screening_plus_countermeasures_without_avian
B_screening_plus_countermeasures,False,low,10,High-burden enteric outbreak,Norovirus,0.02,0.05,0.001,130578216.31527328,130578216.31527328,130578.21631527328,0.015878228696821872,8.943713446251595,10000,11.287193325406612,B_screening_plus_countermeasures_without_avian
B_screening_plus_countermeasures,False,low,14,SARS-like respiratory virus,SARS-CoV-2,0.005,0.05,0.00025,4938004530.573419,4938004530.573419,1234501.1326433546,0.3402993112260369,84.5548720988599,10000,64.75307003873627,B_screening_plus_countermeasures_without_avian
B_screening_plus_countermeasures,False,low,14,Ebola-like viral haemorrhagic fever,Ebola,0.001,0.05,5e-05,4501277581.681578,4501277581.681578,225063.8790840789,0.06372418084716802,15.41533418384102,10000,11.805235929039293,B_screening_plus_countermeasures_without_avian
B_screening_plus_countermeasures,False,low,14,Mpox-like orthopoxvirus,Mpox,0.005,0.05,0.00025,1245974052.5100775,1245974052.5100775,311493.5131275194,0.08739256221458849,21.335172132021878,10000,16.33871426992478,B_screening_plus_countermeasures_without_avian
B_screening_plus_countermeasures,False,low,14,High-burden enteric outbreak,Norovirus,0.02,0.05,0.001,135416537.87930387,135416537.87930387,135416.53787930388,0.0165538816589685,9.275105334198896,10000,7.102979762299654,B_screening_plus_countermeasures_without_avian
B_screening_plus_countermeasures,False,base,2,SARS-like respiratory virus,SARS-CoV-2,0.02,0.2,0.004,343144245.5864057,343144245.5864057,1372576.9823456227,0.3783569262538924,94.01212207846731,10000,36.59894687468866,B_screening_plus_countermeasures_without_avian
B_screening_plus_countermeasures,False,base,2,Ebola-like viral haemorrhagic fever,Ebola,0.005,0.2,0.001,434317589.15275407,434317589.15275407,434317.58915275405,0.12293994755873039,29.747780078955756,10000,11.580819565384424,B_screening_plus_countermeasures_without_avian
B_screening_plus_countermeasures,False,base,2,Mpox-like orthopoxvirus,Mpox,0.02,0.2,0.004,127151635.8182495,127151635.8182495,508606.543272998,0.14275095176181302,34.83606460773959,10000,13.56169023434801,B_screening_plus_countermeasures_without_avian
B_screening_plus_countermeasures,False,base,2,High-burden enteric outbreak,Norovirus,0.1,0.2,0.020000000000000004,71740856.5423497,71740856.5423497,1434817.1308469942,0.17278945453242447,98.27514594842427,10000,38.2585433255789,B_screening_plus_countermeasures_without_avian
B_screening_plus_countermeasures,False,base,5,SARS-like respiratory virus,SARS-CoV-2,0.02,0.2,0.004,1018485138.988826,1018485138.988826,4073940.5559553043,1.1229260186596393,279.03702438050027,10000,46.08872534902553,B_screening_plus_countermeasures_without_avian
B_screening_plus_countermeasures,False,base,5,Ebola-like viral haemorrhagic fever,Ebola,0.005,0.2,0.001,1194229492.2557976,1194229492.2557976,1194229.4922557976,0.3380542617092325,81.79654056546559,10000,13.510387379566744,B_screening_plus_countermeasures_without_avian
B_screening_plus_countermeasures,False,base,5,Mpox-like orthopoxvirus,Mpox,0.02,0.2,0.004,345201497.03184354,345201497.03184354,1380805.988127374,0.38749413377789915,94.57575261146398,10000,15.6211380782333,B_screening_plus_countermeasures_without_avian
B_screening_plus_countermeasures,False,base,5,High-burden enteric outbreak,Norovirus,0.1,0.2,0.020000000000000004,109518352.30848765,109518352.30848765,2190367.0461697537,0.2647147215531082,150.02514014861327,10000,24.779749193174442,B_screening_plus_countermeasures_without_avian
B_screening_plus_countermeasures,False,base,10,SARS-like respiratory virus,SARS-CoV-2,0.02,0.2,0.004,2748885143.0326104,2748885143.0326104,10995540.572130442,3.03076836430823,753.1192172692083,10000,56.115471210321296,B_screening_plus_countermeasures_without_avian
B_screening_plus_countermeasures,False,base,10,Ebola-like viral haemorrhagic fever,Ebola,0.005,0.2,0.001,2811242678.531605,2811242678.531605,2811242.678531605,0.7958698509739894,192.55086839257567,10000,14.347107953220085,B_screening_plus_countermeasures_without_avian
B_screening_plus_countermeasures,False,base,10,Mpox-like orthopoxvirus,Mpox,0.02,0.2,0.004,794035684.7787341,794035684.7787341,3176142.7391149364,0.8911646578411095,217.54402322705045,10000,16.209366448833187,B_screening_plus_countermeasures_without_avian
B_screening_plus_countermeasures,False,base,10,High-burden enteric outbreak,Norovirus,0.1,0.2,0.020000000000000004,130578216.31527328,130578216.31527328,2611564.3263054662,0.3175645739364375,178.87426892503194,10000,13.328054387625425,B_screening_plus_countermeasures_without_avian
B_screening_plus_countermeasures,False,base,14,SARS-like respiratory virus,SARS-CoV-2,0.02,0.2,0.004,4938004530.573419,4938004530.573419,19752018.122293673,5.4447889796165905,1352.8779535817584,10000,61.83031758579574,B_screening_plus_countermeasures_without_avian
B_screening_plus_countermeasures,False,base,14,Ebola-like viral haemorrhagic fever,Ebola,0.005,0.2,0.001,4501277581.681578,4501277581.681578,4501277.5816815775,1.2744836169433604,308.3066836768204,10000,14.09048030910148,B_screening_plus_countermeasures_without_avian
B_screening_plus_countermeasures,False,base,14,Mpox-like orthopoxvirus,Mpox,0.02,0.2,0.004,1245974052.5100775,1245974052.5100775,4983896.21004031,1.3982809954334159,341.36275411235005,10000,15.601235457232965,B_screening_plus_countermeasures_without_avian
B_screening_plus_countermeasures,False,base,14,High-burden enteric outbreak,Norovirus,0.1,0.2,0.020000000000000004,135416537.87930387,135416537.87930387,2708330.757586078,0.33107763317937006,185.50210668397793,10000,8.477966647869819,B_screening_plus_countermeasures_without_avian
B_screening_plus_countermeasures,False,high,2,SARS-like respiratory virus,SARS-CoV-2,0.05,0.4,0.020000000000000004,343144245.5864057,343144245.5864057,6862884.911728115,1.8917846312694622,470.0606103923366,10000,34.22109679108593,B_screening_plus_countermeasures_without_avian
B_screening_plus_countermeasures,False,high,2,Ebola-like viral haemorrhagic fever,Ebola,0.02,0.4,0.008,434317589.15275407,434317589.15275407,3474540.7132220324,0.9835195804698431,237.98224063164605,10000,17.32545359292635,B_screening_plus_countermeasures_without_avian
B_screening_plus_countermeasures,False,high,2,Mpox-like orthopoxvirus,Mpox,0.05,0.4,0.020000000000000004,127151635.8182495,127151635.8182495,2543032.7163649905,0.7137547588090652,174.18032303869796,10000,12.680581103859865,B_screening_plus_countermeasures_without_avian
B_screening_plus_countermeasures,False,high,2,High-burden enteric outbreak,Norovirus,0.25,0.4,0.1,71740856.5423497,71740856.5423497,7174085.65423497,0.8639472726621222,491.3757297421212,10000,35.772868512127836,B_screening_plus_countermeasures_without_avian
B_screening_plus_countermeasures,False,high,5,SARS-like respiratory virus,SARS-CoV-2,0.05,0.4,0.020000000000000004,1018485138.988826,1018485138.988826,20369702.779776525,5.614630093298198,1395.1851219025018,10000,42.63281062896348,B_screening_plus_countermeasures_without_avian
B_screening_plus_countermeasures,False,high,5,Ebola-like viral haemorrhagic fever,Ebola,0.02,0.4,0.008,1194229492.2557976,1194229492.2557976,9553835.93804638,2.70443409367386,654.3723245237247,10000,19.995720248372994,B_screening_plus_countermeasures_without_avian
B_screening_plus_countermeasures,False,high,5,Mpox-like orthopoxvirus,Mpox,0.05,0.4,0.020000000000000004,345201497.03184354,345201497.03184354,6904029.940636872,1.937470668889496,472.87876305732004,10000,14.449803427082452,B_screening_plus_countermeasures_without_avian
B_screening_plus_countermeasures,False,high,5,High-burden enteric outbreak,Norovirus,0.25,0.4,0.1,109518352.30848765,109518352.30848765,10951835.230848767,1.3235736077655407,750.1257007430662,10000,22.92166569558108,B_screening_plus_countermeasures_without_avian
B_screening_plus_countermeasures,False,high,10,SARS-like respiratory virus,SARS-CoV-2,0.05,0.4,0.020000000000000004,2748885143.0326104,2748885143.0326104,54977702.860652216,15.153841821541153,3765.5960863460423,10000,51.667772547659176,B_screening_plus_countermeasures_without_avian
B_screening_plus_countermeasures,False,high,10,Ebola-like viral haemorrhagic fever,Ebola,0.02,0.4,0.008,2811242678.531605,2811242678.531605,22489941.42825284,6.3669588077919155,1540.4069471406053,10000,21.135935440416464,B_screening_plus_countermeasures_without_avian
B_screening_plus_countermeasures,False,high,10,Mpox-like orthopoxvirus,Mpox,0.05,0.4,0.020000000000000004,794035684.7787341,794035684.7787341,15880713.695574684,4.455823289205548,1087.7201161352523,10000,14.924615988360971,B_screening_plus_countermeasures_without_avian
B_screening_plus_countermeasures,False,high,10,High-burden enteric outbreak,Norovirus,0.25,0.4,0.1,130578216.31527328,130578216.31527328,13057821.631527329,1.5878228696821872,894.3713446251595,10000,12.271676023563383,B_screening_plus_countermeasures_without_avian
B_screening_plus_countermeasures,False,high,14,SARS-like respiratory virus,SARS-CoV-2,0.05,0.4,0.020000000000000004,4938004530.573419,4938004530.573419,98760090.61146839,27.223944898082955,6764.389767908794,10000,57.01048674079497,B_screening_plus_countermeasures_without_avian
B_screening_plus_countermeasures,False,high,14,Ebola-like viral haemorrhagic fever,Ebola,0.02,0.4,0.008,4501277581.681578,4501277581.681578,36010220.65345262,10.195868935546883,2466.453469414563,10000,20.7873463297366,B_screening_plus_countermeasures_without_avian
B_screening_plus_countermeasures,False,high,14,Mpox-like orthopoxvirus,Mpox,0.05,0.4,0.020000000000000004,1245974052.5100775,1245974052.5100775,24919481.050201554,6.991404977167081,1706.8137705617503,10000,14.385079389903206,B_screening_plus_countermeasures_without_avian
B_screening_plus_countermeasures,False,high,14,High-burden enteric outbreak,Norovirus,0.25,0.4,0.1,135416537.87930387,135416537.87930387,13541653.787930388,1.6553881658968501,927.5105334198896,10000,7.817087539565217,B_screening_plus_countermeasures_without_avian
B_screening_plus_countermeasures,True,low,2,SARS-like respiratory virus,SARS-CoV-2,0.005,0.05,0.00025,343144245.5864057,343144245.5864057,85786.06139660142,0.023647307890868274,5.875757629904207,10000,12.266896758575577,B_screening_plus_countermeasures_with_avian
B_screening_plus_countermeasures,True,low,2,Avian-influenza-like respiratory virus,pandemic H5N1-like stress scenario,0.002,0.03,6e-05,8138317796.598728,8138317796.598728,488299.0677959237,0.13750672992686147,33.44514162985779,10000,69.82386362592226,B_screening_plus_countermeasures_with_avian
B_screening_plus_countermeasures,True,low,2,Ebola-like viral haemorrhagic fever,Ebola,0.001,0.05,5e-05,434317589.15275407,434317589.15275407,21715.879457637704,0.006146997377936519,1.487389003947788,10000,3.1052416557157305,B_screening_plus_countermeasures_with_avian
B_screening_plus_countermeasures,True,low,2,Mpox-like orthopoxvirus,Mpox,0.005,0.05,0.00025,127151635.8182495,127151635.8182495,31787.908954562376,0.008921934485113314,2.177254037983724,10000,4.545481992859798,B_screening_plus_countermeasures_with_avian
B_screening_plus_countermeasures,True,low,2,High-burden enteric outbreak,Norovirus,0.02,0.05,0.001,71740856.5423497,71740856.5423497,71740.85654234969,0.008639472726621222,4.913757297421212,10000,10.258515966926643,B_screening_plus_countermeasures_with_avian
B_screening_plus_countermeasures,True,low,5,SARS-like respiratory virus,SARS-CoV-2,0.005,0.05,0.00025,1018485138.988826,1018485138.988826,254621.28474720652,0.07018287616622745,17.439814023781267,10000,11.464774616937069,B_screening_plus_countermeasures_with_avian
B_screening_plus_countermeasures,True,low,5,Avian-influenza-like respiratory virus,pandemic H5N1-like stress scenario,0.002,0.03,6e-05,28512490539.35949,28512490539.35949,1710749.4323615695,0.481766810661406,117.17461865490202,10000,77.02952519288,B_screening_plus_countermeasures_with_avian
B_screening_plus_countermeasures,True,low,5,Ebola-like viral haemorrhagic fever,Ebola,0.001,0.05,5e-05,1194229492.2557976,1194229492.2557976,59711.47461278988,0.016902713085461627,4.089827028273279,10000,2.6886149724688564,B_screening_plus_countermeasures_with_avian
B_screening_plus_countermeasures,True,low,5,Mpox-like orthopoxvirus,Mpox,0.005,0.05,0.00025,345201497.03184354,345201497.03184354,86300.37425796088,0.024218383361118697,5.910984538216499,10000,3.8858273031147057,B_screening_plus_countermeasures_with_avian
B_screening_plus_countermeasures,True,low,5,High-burden enteric outbreak,Norovirus,0.02,0.05,0.001,109518352.30848765,109518352.30848765,109518.35230848765,0.013235736077655408,7.501257007430661,10000,4.931257914599364,B_screening_plus_countermeasures_with_avian
B_screening_plus_countermeasures,True,low,10,SARS-like respiratory virus,SARS-CoV-2,0.005,0.05,0.00025,2748885143.0326104,2748885143.0326104,687221.2857581526,0.18942302276926437,47.06995107932552,10000,10.040397483396966,B_screening_plus_countermeasures_with_avian
B_screening_plus_countermeasures,True,low,10,Avian-influenza-like respiratory virus,pandemic H5N1-like stress scenario,0.002,0.03,6e-05,94794866503.33415,94794866503.33415,5687691.990200049,1.6017157357496397,389.56794453424993,10000,83.0979620803519,B_screening_plus_countermeasures_with_avian
B_screening_plus_countermeasures,True,low,10,Ebola-like viral haemorrhagic fever,Ebola,0.001,0.05,5e-05,2811242678.531605,2811242678.531605,140562.13392658025,0.039793492548699474,9.627543419628784,10000,2.053632105094616,B_screening_plus_countermeasures_with_avian
B_screening_plus_countermeasures,True,low,10,Mpox-like orthopoxvirus,Mpox,0.005,0.05,0.00025,794035684.7787341,794035684.7787341,198508.92119468353,0.055697791115069346,13.596501451690653,10000,2.90024263523229,B_screening_plus_countermeasures_with_avian
B_screening_plus_countermeasures,True,low,10,High-burden enteric outbreak,Norovirus,0.02,0.05,0.001,130578216.31527328,130578216.31527328,130578.21631527328,0.015878228696821872,8.943713446251595,10000,1.9077656959242129,B_screening_plus_countermeasures_with_avian
B_screening_plus_countermeasures,True,low,14,SARS-like respiratory virus,SARS-CoV-2,0.005,0.05,0.00025,4938004530.573419,4938004530.573419,1234501.1326433546,0.3402993112260369,84.5548720988599,10000,9.73473323294895,B_screening_plus_countermeasures_with_avian
B_screening_plus_countermeasures,True,low,14,Avian-influenza-like respiratory virus,pandemic H5N1-like stress scenario,0.002,0.03,6e-05,179582197415.0683,179582197415.0683,10774931.844904099,3.0343331604188015,738.0090304728835,10000,84.96637576083191,B_screening_plus_countermeasures_with_avian
B_screening_plus_countermeasures,True,low,14,Ebola-like viral haemorrhagic fever,Ebola,0.001,0.05,5e-05,4501277581.681578,4501277581.681578,225063.8790840789,0.06372418084716802,15.41533418384102,10000,1.774754810119032,B_screening_plus_countermeasures_with_avian
B_screening_plus_countermeasures,True,low,14,Mpox-like orthopoxvirus,Mpox,0.005,0.05,0.00025,1245974052.5100775,1245974052.5100775,311493.5131275194,0.08739256221458849,21.335172132021878,10000,2.456300908851828,B_screening_plus_countermeasures_with_avian
B_screening_plus_countermeasures,True,low,14,High-burden enteric outbreak,Norovirus,0.02,0.05,0.001,135416537.87930387,135416537.87930387,135416.53787930388,0.0165538816589685,9.275105334198896,10000,1.067835287248285,B_screening_plus_countermeasures_with_avian
B_screening_plus_countermeasures,True,base,2,SARS-like respiratory virus,SARS-CoV-2,0.02,0.2,0.004,343144245.5864057,343144245.5864057,1372576.9823456227,0.3783569262538924,94.01212207846731,10000,8.601294774509745,B_screening_plus_countermeasures_with_avian
B_screening_plus_countermeasures,True,base,2,Avian-influenza-like respiratory virus,pandemic H5N1-like stress scenario,0.01,0.15,0.0015,8138317796.598728,8138317796.598728,12207476.694898093,3.437668248171537,836.1285407464447,10000,76.49851837551566,B_screening_plus_countermeasures_with_avian
B_screening_plus_countermeasures,True,base,2,Ebola-like viral haemorrhagic fever,Ebola,0.005,0.2,0.001,434317589.15275407,434317589.15275407,434317.58915275405,0.12293994755873039,29.747780078955756,10000,2.721664182123509,B_screening_plus_countermeasures_with_avian
B_screening_plus_countermeasures,True,base,2,Mpox-like orthopoxvirus,Mpox,0.02,0.2,0.004,127151635.8182495,127151635.8182495,508606.543272998,0.14275095176181302,34.83606460773959,10000,3.1871981383947863,B_screening_plus_countermeasures_with_avian
B_screening_plus_countermeasures,True,base,2,High-burden enteric outbreak,Norovirus,0.1,0.2,0.020000000000000004,71740856.5423497,71740856.5423497,1434817.1308469942,0.17278945453242447,98.27514594842427,10000,8.991324529456309,B_screening_plus_countermeasures_with_avian
B_screening_plus_countermeasures,True,base,5,SARS-like respiratory virus,SARS-CoV-2,0.02,0.2,0.004,1018485138.988826,1018485138.988826,4073940.5559553043,1.1229260186596393,279.03702438050027,10000,7.893997690781215,B_screening_plus_countermeasures_with_avian
B_screening_plus_countermeasures,True,base,5,Avian-influenza-like respiratory virus,pandemic H5N1-like stress scenario,0.01,0.15,0.0015,28512490539.35949,28512490539.35949,42768735.809039235,12.044170266535149,2929.36546637255,10000,82.87217181425453,B_screening_plus_countermeasures_with_avian
B_screening_plus_countermeasures,True,base,5,Ebola-like viral haemorrhagic fever,Ebola,0.005,0.2,0.001,1194229492.2557976,1194229492.2557976,1194229.4922557976,0.3380542617092325,81.79654056546559,10000,2.3140359376008326,B_screening_plus_countermeasures_with_avian
B_screening_plus_countermeasures,True,base,5,Mpox-like orthopoxvirus,Mpox,0.02,0.2,0.004,345201497.03184354,345201497.03184354,1380805.988127374,0.38749413377789915,94.57575261146398,10000,2.6755616906978625,B_screening_plus_countermeasures_with_avian
B_screening_plus_countermeasures,True,base,5,High-burden enteric outbreak,Norovirus,0.1,0.2,0.020000000000000004,109518352.30848765,109518352.30848765,2190367.0461697537,0.2647147215531082,150.02514014861327,10000,4.24423286666557,B_screening_plus_countermeasures_with_avian
B_screening_plus_countermeasures,True,base,10,SARS-like respiratory virus,SARS-CoV-2,0.02,0.2,0.004,2748885143.0326104,2748885143.0326104,10995540.572130442,3.03076836430823,753.1192172692083,10000,6.796315426802997,B_screening_plus_countermeasures_with_avian
B_screening_plus_countermeasures,True,base,10,Avian-influenza-like respiratory virus,pandemic H5N1-like stress scenario,0.01,0.15,0.0015,94794866503.33415,94794866503.33415,142192299.75500122,40.04289339374099,9739.198613356248,10000,87.88869579063079,B_screening_plus_countermeasures_with_avian
B_screening_plus_countermeasures,True,base,10,Ebola-like viral haemorrhagic fever,Ebola,0.005,0.2,0.001,2811242678.531605,2811242678.531605,2811242.678531605,0.7958698509739894,192.55086839257567,10000,1.737621889461086,B_screening_plus_countermeasures_with_avian
B_screening_plus_countermeasures,True,base,10,Mpox-like orthopoxvirus,Mpox,0.02,0.2,0.004,794035684.7787341,794035684.7787341,3176142.7391149364,0.8911646578411095,217.54402322705045,10000,1.9631656810296105,B_screening_plus_countermeasures_with_avian
B_screening_plus_countermeasures,True,base,10,High-burden enteric outbreak,Norovirus,0.1,0.2,0.020000000000000004,130578216.31527328,130578216.31527328,2611564.3263054662,0.3175645739364375,178.87426892503194,10000,1.614201212075493,B_screening_plus_countermeasures_with_avian
B_screening_plus_countermeasures,True,base,14,SARS-like respiratory virus,SARS-CoV-2,0.02,0.2,0.004,4938004530.573419,4938004530.573419,19752018.122293673,5.4447889796165905,1352.8779535817584,10000,6.555189019171081,B_screening_plus_countermeasures_with_avian
B_screening_plus_countermeasures,True,base,14,Avian-influenza-like respiratory virus,pandemic H5N1-like stress scenario,0.01,0.15,0.0015,179582197415.0683,179582197415.0683,269373296.12260246,75.85832901047004,18450.225761822086,10000,89.3980990634973,B_screening_plus_countermeasures_with_avian
B_screening_plus_countermeasures,True,base,14,Ebola-like viral haemorrhagic fever,Ebola,0.005,0.2,0.001,4501277581.681578,4501277581.681578,4501277.5816815775,1.2744836169433604,308.3066836768204,10000,1.4938587638483602,B_screening_plus_countermeasures_with_avian
B_screening_plus_countermeasures,True,base,14,Mpox-like orthopoxvirus,Mpox,0.02,0.2,0.004,1245974052.5100775,1245974052.5100775,4983896.21004031,1.3982809954334159,341.36275411235005,10000,1.6540275280463754,B_screening_plus_countermeasures_with_avian
B_screening_plus_countermeasures,True,base,14,High-burden enteric outbreak,Norovirus,0.1,0.2,0.020000000000000004,135416537.87930387,135416537.87930387,2708330.757586078,0.33107763317937006,185.50210668397793,10000,0.898825625436898,B_screening_plus_countermeasures_with_avian
B_screening_plus_countermeasures,True,high,2,SARS-like respiratory virus,SARS-CoV-2,0.05,0.4,0.020000000000000004,343144245.5864057,343144245.5864057,6862884.911728115,1.8917846312694622,470.0606103923366,10000,6.504679937269008,B_screening_plus_countermeasures_with_avian
B_screening_plus_countermeasures,True,high,2,Avian-influenza-like respiratory virus,pandemic H5N1-like stress scenario,0.03,0.35,0.010499999999999999,8138317796.598728,8138317796.598728,85452336.86428663,24.063677737200756,5852.899785225111,10000,80.99219327487079,B_screening_plus_countermeasures_with_avian
B_screening_plus_countermeasures,True,high,2,Ebola-like viral haemorrhagic fever,Ebola,0.02,0.4,0.008,434317589.15275407,434317589.15275407,3474540.7132220324,0.9835195804698431,237.98224063164605,10000,3.293188733195395,B_screening_plus_countermeasures_with_avian
B_screening_plus_countermeasures,True,high,2,Mpox-like orthopoxvirus,Mpox,0.05,0.4,0.020000000000000004,127151635.8182495,127151635.8182495,2543032.7163649905,0.7137547588090652,174.18032303869796,10000,2.410300347844939,B_screening_plus_countermeasures_with_avian
B_screening_plus_countermeasures,True,high,2,High-burden enteric outbreak,Norovirus,0.25,0.4,0.1,71740856.5423497,71740856.5423497,7174085.65423497,0.8639472726621222,491.3757297421212,10000,6.799637706819865,B_screening_plus_countermeasures_with_avian
B_screening_plus_countermeasures,True,high,5,SARS-like respiratory virus,SARS-CoV-2,0.05,0.4,0.020000000000000004,1018485138.988826,1018485138.988826,20369702.779776525,5.614630093298198,1395.1851219025018,10000,5.867516488452665,B_screening_plus_countermeasures_with_avian
B_screening_plus_countermeasures,True,high,5,Avian-influenza-like respiratory virus,pandemic H5N1-like stress scenario,0.03,0.35,0.010499999999999999,28512490539.35949,28512490539.35949,299381150.6632746,84.30919186574603,20505.558264607847,10000,86.23708734683692,B_screening_plus_countermeasures_with_avian
B_screening_plus_countermeasures,True,high,5,Ebola-like viral haemorrhagic fever,Ebola,0.02,0.4,0.008,1194229492.2557976,1194229492.2557976,9553835.93804638,2.70443409367386,654.3723245237247,10000,2.7519935121544163,B_screening_plus_countermeasures_with_avian
B_screening_plus_countermeasures,True,high,5,Mpox-like orthopoxvirus,Mpox,0.05,0.4,0.020000000000000004,345201497.03184354,345201497.03184354,6904029.940636872,1.937470668889496,472.87876305732004,10000,1.9887138242231215,B_screening_plus_countermeasures_with_avian
B_screening_plus_countermeasures,True,high,5,High-burden enteric outbreak,Norovirus,0.25,0.4,0.1,109518352.30848765,109518352.30848765,10951835.230848767,1.3235736077655407,750.1257007430662,10000,3.1546888283328665,B_screening_plus_countermeasures_with_avian
B_screening_plus_countermeasures,True,high,10,SARS-like respiratory virus,SARS-CoV-2,0.05,0.4,0.020000000000000004,2748885143.0326104,2748885143.0326104,54977702.860652216,15.153841821541153,3765.5960863460423,10000,4.990023979382374,B_screening_plus_countermeasures_with_avian
B_screening_plus_countermeasures,True,high,10,Avian-influenza-like respiratory virus,pandemic H5N1-like stress scenario,0.03,0.35,0.010499999999999999,94794866503.33415,94794866503.33415,995346098.2850085,280.3002537561869,68174.39029349374,10000,90.34209579137652,B_screening_plus_countermeasures_with_avian
B_screening_plus_countermeasures,True,high,10,Ebola-like viral haemorrhagic fever,Ebola,0.02,0.4,0.008,2811242678.531605,2811242678.531605,22489941.42825284,6.3669588077919155,1540.4069471406053,10000,2.04128839843192,B_screening_plus_countermeasures_with_avian
B_screening_plus_countermeasures,True,high,10,Mpox-like orthopoxvirus,Mpox,0.05,0.4,0.020000000000000004,794035684.7787341,794035684.7787341,15880713.695574684,4.455823289205548,1087.7201161352523,10000,1.4414051156608045,B_screening_plus_countermeasures_with_avian
B_screening_plus_countermeasures,True,high,10,High-burden enteric outbreak,Norovirus,0.25,0.4,0.1,130578216.31527328,130578216.31527328,13057821.631527329,1.5878228696821872,894.3713446251595,10000,1.1851867151483644,B_screening_plus_countermeasures_with_avian
B_screening_plus_countermeasures,True,high,14,SARS-like respiratory virus,SARS-CoV-2,0.05,0.4,0.020000000000000004,4938004530.573419,4938004530.573419,98760090.61146839,27.223944898082955,6764.389767908794,10000,4.796869783119655,B_screening_plus_countermeasures_with_avian
B_screening_plus_countermeasures,True,high,14,Avian-influenza-like respiratory virus,pandemic H5N1-like stress scenario,0.03,0.35,0.010499999999999999,179582197415.0683,179582197415.0683,1885613072.858217,531.0083030732902,129151.58033275459,10000,91.58598696950403,B_screening_plus_countermeasures_with_avian
B_screening_plus_countermeasures,True,high,14,Ebola-like viral haemorrhagic fever,Ebola,0.02,0.4,0.008,4501277581.681578,4501277581.681578,36010220.65345262,10.195868935546883,2466.453469414563,10000,1.7490500288783597,B_screening_plus_countermeasures_with_avian
B_screening_plus_countermeasures,True,high,14,Mpox-like orthopoxvirus,Mpox,0.05,0.4,0.020000000000000004,1245974052.5100775,1245974052.5100775,24919481.050201554,6.991404977167081,1706.8137705617503,10000,1.2103624543136433,B_screening_plus_countermeasures_with_avian
B_screening_plus_countermeasures,True,high,14,High-burden enteric outbreak,Norovirus,0.25,0.4,0.1,135416537.87930387,135416537.87930387,13541653.787930388,1.6553881658968501,927.5105334198896,10000,0.6577307641842928,B_screening_plus_countermeasures_with_avian
