pathogen,countermeasure_status,trigger_day,reduction_strength,ramp_days,post_intervention_Rt,winner,winner_key,cost_none,cost_rapid,cost_lab,cost_molecular
SARS-CoV-2,swept,14,0.4,7,0.96,High-throughput molecular screening,molecular,9455287630.234556,3497092673.587489,699258458.4515259,410925129.9644514
SARS-CoV-2,swept,14,0.4,14,0.96,High-throughput molecular screening,molecular,10132986241.453178,3790725517.019713,731085428.129889,442752099.6428136
SARS-CoV-2,swept,14,0.4,21,0.96,High-throughput molecular screening,molecular,11112832131.045584,4225902118.2106066,779220956.8130836,490887628.32600933
SARS-CoV-2,swept,14,0.6,7,0.64,High-throughput molecular screening,molecular,1870437351.301596,654716745.0773678,416765547.4971363,128432219.0100616
SARS-CoV-2,swept,14,0.6,14,0.64,High-throughput molecular screening,molecular,2051401171.7815936,714120325.5551118,422273122.63331175,133939794.1462374
SARS-CoV-2,swept,14,0.6,21,0.64,High-throughput molecular screening,molecular,2312469293.3581834,800015947.8829406,430244992.3150539,141911663.82797897
SARS-CoV-2,swept,14,0.8,7,0.32,High-throughput molecular screening,molecular,1056927628.1974481,388694862.8935793,392143241.36171573,103809912.87464124
SARS-CoV-2,swept,14,0.8,14,0.32,High-throughput molecular screening,molecular,1178183545.3381283,428208925.09600466,395794977.3806888,107461648.8936139
SARS-CoV-2,swept,14,0.8,21,0.32,High-throughput molecular screening,molecular,1346267361.3072011,483047947.0505053,400865620.61573505,112532292.12866051
SARS-CoV-2,swept,21,0.4,7,0.96,High-throughput molecular screening,molecular,11102753259.746557,4221388110.2664814,778722606.8281351,490389278.341061
SARS-CoV-2,swept,21,0.4,14,0.96,High-throughput molecular screening,molecular,12473641006.061586,4849934891.665685,850291124.789536,561957796.302461
SARS-CoV-2,swept,21,0.4,21,0.96,High-throughput molecular screening,molecular,14335499720.556515,5737710869.431113,955558112.4470942,667224783.960019
SARS-CoV-2,swept,21,0.6,7,0.64,High-throughput molecular screening,molecular,2350486343.8155603,812516281.8698022,431404821.7085967,143071493.22152197
SARS-CoV-2,swept,21,0.6,14,0.64,High-throughput molecular screening,molecular,2758346470.6699457,947200475.2246656,443925053.345764,155591724.85868904
SARS-CoV-2,swept,21,0.6,21,0.64,High-throughput molecular screening,molecular,3329648715.425664,1136870187.3552618,461598989.98232085,173265661.495246
SARS-CoV-2,swept,21,0.8,7,0.32,High-throughput molecular screening,molecular,1397320209.8780308,499708928.50837225,402406345.9680609,114073017.48098598
SARS-CoV-2,swept,21,0.8,14,0.32,High-throughput molecular screening,molecular,1671776274.403302,589446673.37319,410711740.44707453,122378411.95999967
SARS-CoV-2,swept,21,0.8,21,0.32,High-throughput molecular screening,molecular,2041881892.8660183,710810881.3992823,421958591.12124217,133625262.63416739
SARS-CoV-2,swept,35,0.4,7,0.96,High-throughput molecular screening,molecular,20067911303.527416,8666664601.092302,1338084889.3892152,1049751560.9021404
SARS-CoV-2,swept,35,0.4,14,0.96,High-throughput molecular screening,molecular,24117131162.898754,10873294981.184856,1662423610.8375869,1374090282.3505123
SARS-CoV-2,swept,35,0.4,21,0.96,High-throughput molecular screening,molecular,29089668750.56458,13699225242.349438,2123262251.130755,1834928922.6436791
SARS-CoV-2,swept,35,0.6,7,0.64,High-throughput molecular screening,molecular,5727410297.068585,1944603818.1479301,537366694.942935,249033366.45586008
SARS-CoV-2,swept,35,0.6,14,0.64,High-throughput molecular screening,molecular,7553446779.309718,2574256191.7446046,597068677.1666484,308735348.67957306
SARS-CoV-2,swept,35,0.6,21,0.64,High-throughput molecular screening,molecular,9998282086.459675,3438211810.89556,679946389.0490315,391613060.5619577
SARS-CoV-2,swept,35,0.8,7,0.32,High-throughput molecular screening,molecular,3822803879.9103713,1300007748.2242002,476774470.46830463,188441141.98122925
SARS-CoV-2,swept,35,0.8,14,0.32,High-throughput molecular screening,molecular,5084594049.928925,1723450615.2870111,516420567.0932964,228087238.6062219
SARS-CoV-2,swept,35,0.8,21,0.32,High-throughput molecular screening,molecular,6730509200.094363,2283852459.3660793,569234178.0160496,280900849.5289754
SARS-CoV-2,swept,50,0.4,7,0.96,High-throughput molecular screening,molecular,45010170214.14573,23277725867.49104,4038987249.994859,3750653921.507787
SARS-CoV-2,swept,50,0.4,14,0.96,High-throughput molecular screening,molecular,53744317491.06787,28930921928.246445,5407453255.443798,5119119926.956721
SARS-CoV-2,swept,50,0.4,21,0.96,High-throughput molecular screening,molecular,63403240495.48769,35581144083.79968,7221971727.704804,6933638399.217725
SARS-CoV-2,swept,50,0.6,7,0.64,High-throughput molecular screening,molecular,21326117555.49605,7727930473.024243,1106413651.927301,818080323.4402267
SARS-CoV-2,swept,50,0.6,14,0.64,High-throughput molecular screening,molecular,28255905608.88035,10633669555.3654,1411780502.6683261,1123447174.181252
SARS-CoV-2,swept,50,0.6,21,0.64,High-throughput molecular screening,molecular,36522816595.94009,14422003699.924988,1832101508.9015205,1543768180.4144447
SARS-CoV-2,swept,50,0.8,7,0.32,High-throughput molecular screening,molecular,15681877903.027054,5478786526.013692,877091339.219869,588758010.7327933
SARS-CoV-2,swept,50,0.8,14,0.32,High-throughput molecular screening,molecular,21008204329.577007,7520915451.463421,1080813832.2067423,792480503.7196684
SARS-CoV-2,swept,50,0.8,21,0.32,High-throughput molecular screening,molecular,27413589804.437428,10136920292.518457,1350501169.8134074,1062167841.3263304
SARS-CoV-2,none,-1,0.0,-1,1.6,High-throughput molecular screening,molecular,176605159784.92822,175590894098.79263,175192142259.49283,174903808931.00552
Influenza A/B,swept,14,0.4,7,0.75,High-throughput molecular screening,molecular,472933816.9924238,201288417.10599977,374945865.8412139,86612537.35413902
Influenza A/B,swept,14,0.4,14,0.75,High-throughput molecular screening,molecular,492430665.2378084,207925235.36705083,375571588.1038191,87238259.61674404
Influenza A/B,swept,14,0.4,21,0.75,High-throughput molecular screening,molecular,517480087.1552248,216487767.40964922,376380440.0679643,88047111.5808891
Influenza A/B,swept,14,0.6,7,0.5,High-throughput molecular screening,molecular,255725298.50950265,128372385.74212357,368116293.0201999,79782964.53312513
Influenza A/B,swept,14,0.6,14,0.5,High-throughput molecular screening,molecular,270197119.4993045,133128065.68619396,368557420.025548,80224091.53847307
Influenza A/B,swept,14,0.6,21,0.5,High-throughput molecular screening,molecular,288126628.742786,139033315.1469613,369105724.70442307,80772396.21734829
Influenza A/B,swept,14,0.8,7,0.3,High-throughput molecular screening,molecular,189376116.5236554,106644673.50613889,366103965.46349084,77770636.97641596
Influenza A/B,swept,14,0.8,14,0.3,High-throughput molecular screening,molecular,201972226.46954465,110760004.55128855,366484718.1899973,78151389.70292269
Influenza A/B,swept,14,0.8,21,0.3,High-throughput molecular screening,molecular,217184229.245514,115738478.36989267,366945674.6660377,78612346.17896292
Influenza A/B,swept,21,0.4,7,0.75,High-throughput molecular screening,molecular,520107171.8815795,217381808.50035655,376464736.34533584,88131407.85826112
Influenza A/B,swept,21,0.4,14,0.75,High-throughput molecular screening,molecular,553766416.3047625,228951514.3779789,377560530.3179302,89227201.8308552
Influenza A/B,swept,21,0.4,21,0.75,High-throughput molecular screening,molecular,595254378.3615892,243320571.06625706,378926330.547889,90593002.06081389
Influenza A/B,swept,21,0.6,7,0.5,High-throughput molecular screening,molecular,292888339.80116636,140601255.61548427,369251293.9504805,80917965.46340548
Influenza A/B,swept,21,0.6,14,0.5,High-throughput molecular screening,molecular,318041019.6835992,148914683.68689555,370024400.087491,81691071.60041587
Influenza A/B,swept,21,0.6,21,0.5,High-throughput molecular screening,molecular,348001033.36594504,158860400.4999334,370951096.6808945,82617768.19381933
Influenza A/B,swept,21,0.8,7,0.3,High-throughput molecular screening,molecular,223153399.50401488,117693097.30333832,367126696.30146676,78793367.81439202
Influenza A/B,swept,21,0.8,14,0.3,High-throughput molecular screening,molecular,245089568.76463988,124893885.91901822,367794301.17228514,79460972.68521017
Influenza A/B,swept,21,0.8,21,0.3,High-throughput molecular screening,molecular,270579596.66983926,133289848.13085511,368573885.18000585,80240556.6929312
Influenza A/B,swept,35,0.4,7,0.75,High-throughput molecular screening,molecular,730754110.7919537,290974953.10080796,383489862.94275975,95156534.45568481
Influenza A/B,swept,35,0.4,14,0.75,High-throughput molecular screening,molecular,815157992.7078046,321362149.98957664,386433159.2577431,98099830.77066849
Influenza A/B,swept,35,0.4,21,0.75,High-throughput molecular screening,molecular,913960907.9375435,357669602.0930874,389986025.49478096,101652697.007706
Influenza A/B,swept,35,0.6,7,0.5,High-throughput molecular screening,molecular,461359695.167508,196874113.9523172,374509131.47943676,86175802.99236158
Influenza A/B,swept,35,0.6,14,0.5,High-throughput molecular screening,molecular,526122838.499891,218934280.76103917,376588539.04285336,88255210.55577901
Influenza A/B,swept,35,0.6,21,0.5,High-throughput molecular screening,molecular,599902991.6452988,244399165.77555,379003376.37909913,90670047.89202419
Influenza A/B,swept,35,0.8,7,0.3,High-throughput molecular screening,molecular,376927466.307146,168632644.49897724,371868561.75378364,83535233.26670894
Influenza A/B,swept,35,0.8,14,0.3,High-throughput molecular screening,molecular,433817464.9004436,187791772.35632223,373665204.40352184,85331875.91644698
Influenza A/B,swept,35,0.8,21,0.3,High-throughput molecular screening,molecular,497200595.006682,209367523.25527495,375698278.73397595,87364950.246901
Influenza A/B,swept,50,0.4,7,0.75,High-throughput molecular screening,molecular,1273905185.7441647,495659675.6143405,403798475.2633689,115465146.77629401
Influenza A/B,swept,50,0.4,14,0.75,High-throughput molecular screening,molecular,1458796890.548554,571091815.115953,411606991.58057535,123273663.09350069
Influenza A/B,swept,50,0.4,21,0.75,High-throughput molecular screening,molecular,1663276449.6661494,658513571.7116005,420903751.42775315,132570422.94067846
Influenza A/B,swept,50,0.6,7,0.5,High-throughput molecular screening,molecular,913129490.6442423,355958050.07663834,389740275.8421947,101406947.35512006
Influenza A/B,swept,50,0.6,14,0.5,High-throughput molecular screening,molecular,1063780661.213898,412176969.7983514,395272984.41094327,106939655.92386848
Influenza A/B,swept,50,0.6,21,0.5,High-throughput molecular screening,molecular,1227856478.135147,475535369.10940444,401615558.68966246,113282230.20258787
Influenza A/B,swept,50,0.8,7,0.3,High-throughput molecular screening,molecular,793685301.1663586,313218965.7115335,385614419.44602156,97281090.95894653
Influenza A/B,swept,50,0.8,14,0.3,High-throughput molecular screening,molecular,928364186.0266991,362367357.5349999,390398314.8304542,102064986.34337954
Influenza A/B,swept,50,0.8,21,0.3,High-throughput molecular screening,molecular,1072532889.2519407,416519293.0301667,395743676.0786145,107410347.59153967
Influenza A/B,none,-1,0.0,-1,1.25,High-throughput molecular screening,molecular,8254484412.553563,7961001422.620693,8102522111.746397,7814188783.259324
Mpox,swept,14,0.4,7,0.9,High-throughput molecular screening,molecular,11053254286.266584,3670518073.791988,696442298.9807899,408108970.49371487
Mpox,swept,14,0.4,14,0.9,High-throughput molecular screening,molecular,11299584972.174807,3752611576.0520096,704105313.8461695,415771985.35909444
Mpox,swept,14,0.4,21,0.9,High-throughput molecular screening,molecular,11619308989.872639,3859259654.5801888,714064419.0371705,425731090.55009633
Mpox,swept,14,0.6,7,0.6,High-throughput molecular screening,molecular,3609075307.2658253,1218686590.381722,468779841.716573,180446513.22949865
Mpox,swept,14,0.6,14,0.6,High-throughput molecular screening,molecular,3705425090.713351,1250065586.7110825,471679007.40547675,183345678.91840208
Mpox,swept,14,0.6,21,0.6,High-throughput molecular screening,molecular,3828151049.018102,1290040352.6798148,475372580.77735746,187039252.2902831
Mpox,swept,14,0.8,7,0.3,High-throughput molecular screening,molecular,2160870057.181835,747382489.7871172,425249082.143189,136915753.65611443
Mpox,swept,14,0.8,14,0.3,High-throughput molecular screening,molecular,2232303405.74803,770609020.0859513,427393501.10246193,139060172.61538717
Mpox,swept,14,0.8,21,0.3,High-throughput molecular screening,molecular,2321537158.4844284,799625535.01366,430072576.11989725,141739247.63282287
Mpox,swept,21,0.4,7,0.9,High-throughput molecular screening,molecular,11605420685.319122,3854625574.111092,713631614.7997311,425298286.31265664
Mpox,swept,21,0.4,14,0.9,High-throughput molecular screening,molecular,12004041441.950085,3987736608.847081,726068127.9626708,437734799.4755967
Mpox,swept,21,0.4,21,0.9,High-throughput molecular screening,molecular,12501102772.266155,4153956904.0575852,741608157.9870921,453274829.5000166
Mpox,swept,21,0.6,7,0.6,High-throughput molecular screening,molecular,3831632667.4330397,1291174079.4982328,475477321.5548554,187143993.06778044
Mpox,swept,21,0.6,14,0.6,High-throughput molecular screening,molecular,3988364935.781302,1342234745.5743885,480195579.8015549,191862251.31448022
Mpox,swept,21,0.6,21,0.6,High-throughput molecular screening,molecular,4180291483.994338,1404776071.2700405,485975314.2703752,197641985.78330037
Mpox,swept,21,0.8,7,0.3,High-throughput molecular screening,molecular,2330557388.363582,802558718.0327473,430343396.39601743,142010067.90894246
Mpox,swept,21,0.8,14,0.3,High-throughput molecular screening,molecular,2446821177.4097605,840368770.8224654,433834536.95359576,145501208.46652135
Mpox,swept,21,0.8,21,0.3,High-throughput molecular screening,molecular,2586455723.359832,885785311.3184079,438028258.76885587,149694930.28178024
Mpox,swept,35,0.4,7,0.9,High-throughput molecular screening,molecular,13839881451.419092,4602958372.656408,783641754.2640253,495308425.7769499
Mpox,swept,35,0.4,14,0.9,High-throughput molecular screening,molecular,14735934303.644373,4904550878.808476,811921978.4844134,523588649.99733835
Mpox,swept,35,0.4,21,0.9,High-throughput molecular screening,molecular,15810185109.911348,5267260388.667847,845982783.4676199,557649454.9805455
Mpox,swept,35,0.6,7,0.6,High-throughput molecular screening,molecular,4741424625.038733,1587716987.0347419,502885369.82236236,214552041.3352874
Mpox,swept,35,0.6,14,0.6,High-throughput molecular screening,molecular,5099159713.427106,1704424667.6610906,513676381.1095664,225343052.62249136
Mpox,swept,35,0.6,21,0.6,High-throughput molecular screening,molecular,5521287002.113754,1842221493.752989,526420656.2328002,238087327.74572474
Mpox,swept,35,0.8,7,0.3,High-throughput molecular screening,molecular,3024977485.4939504,1028459061.330686,451204370.45654404,162871041.9694691
Mpox,swept,35,0.8,14,0.3,High-throughput molecular screening,molecular,3290626084.2846975,1114923949.4765482,459190961.0008365,170857632.51376155
Mpox,swept,35,0.8,21,0.3,High-throughput molecular screening,molecular,3598130174.864376,1215047882.3574872,468440652.5954645,180107324.10838988
Mpox,swept,50,0.4,7,0.9,High-throughput molecular screening,molecular,19146920556.094772,6401662066.274338,952855676.8314636,664522348.3443892
Mpox,swept,50,0.4,14,0.9,High-throughput molecular screening,molecular,21055426303.125175,7055886521.578124,1014732226.8290509,726398898.341975
Mpox,swept,50,0.4,21,0.9,High-throughput molecular screening,molecular,23295146475.534256,7828653869.091493,1088048843.1644943,799715514.6774193
Mpox,swept,50,0.6,7,0.6,High-throughput molecular screening,molecular,6947513992.734041,2308397372.208775,569560080.8594537,281226752.37237895
Mpox,swept,50,0.6,14,0.6,High-throughput molecular screening,molecular,7731798448.25448,2565199686.668715,593342704.2361889,305009375.7491138
Mpox,swept,50,0.6,21,0.6,High-throughput molecular screening,molecular,8641600412.46739,2863515639.431668,620986884.5665294,332653556.07945436
Mpox,swept,50,0.8,7,0.3,High-throughput molecular screening,molecular,4711367572.204645,1577827448.9986281,501967546.9835404,213634218.49646527
Mpox,swept,50,0.8,14,0.3,High-throughput molecular screening,molecular,5294951614.136788,1768220101.8177056,519571740.0670138,231238411.5799389
Mpox,swept,50,0.8,21,0.3,High-throughput molecular screening,molecular,5959357486.964254,1985169970.4659193,539639162.7184652,251305834.23139107
Mpox,none,-1,0.0,-1,1.5,High-throughput molecular screening,molecular,1022836019893.0852,1017238781108.8531,1001825368238.2502,1001537034909.763
Norovirus,swept,14,0.4,7,1.05,No systematic screening,none,84887116.41230804,104890311.81147756,399589190.2779102,111255861.79083523
Norovirus,swept,14,0.4,14,1.05,High-throughput molecular screening,molecular,123810708.72503851,131106537.81131464,406187262.12441623,117853933.63734153
Norovirus,swept,14,0.4,21,1.05,High-throughput molecular screening,molecular,169088905.81413847,172072942.03963047,422143065.59802145,133809737.11094658
Norovirus,swept,14,0.6,7,0.7,No systematic screening,none,26453948.955050126,54478638.407684736,361327237.18018675,72993908.6931123
Norovirus,swept,14,0.6,14,0.7,No systematic screening,none,62066138.11006662,70814320.61552548,363162696.28380585,74829367.79673098
Norovirus,swept,14,0.6,21,0.7,High-throughput molecular screening,molecular,114075253.81107712,105412449.27683353,368591144.2535485,80257815.76647349
Norovirus,swept,14,0.8,7,0.35,No systematic screening,none,16270746.422634644,50568793.52210744,360935812.9719015,72602484.4848266
Norovirus,swept,14,0.8,14,0.35,No systematic screening,none,39645024.27589116,59681854.72087529,361854357.46282494,73521028.97574988
Norovirus,swept,14,0.8,21,0.35,High-throughput molecular screening,molecular,79983490.78199878,80054782.82670607,364263903.758154,75930575.27107906
Norovirus,swept,21,0.4,7,1.05,High-throughput molecular screening,molecular,176804440.34059966,174475798.48083803,421459541.86325496,133126213.37618019
Norovirus,swept,21,0.4,14,1.05,High-throughput molecular screening,molecular,216887030.74955305,223440665.15208477,451595357.4503771,163262028.9633021
Norovirus,swept,21,0.4,21,1.05,High-throughput molecular screening,molecular,239501503.748156,258868412.31804785,495014531.9287525,206681203.44167754
Norovirus,swept,21,0.6,7,0.7,High-throughput molecular screening,molecular,136933979.7156395,120401177.61661518,371117175.7706499,82783847.28357525
Norovirus,swept,21,0.6,14,0.7,High-throughput molecular screening,molecular,190812041.92397776,179999020.70611778,390948836.3963743,102615507.9092996
Norovirus,swept,21,0.6,21,0.7,High-throughput molecular screening,molecular,222685926.25865674,228601061.4277059,430097263.0793499,141763934.59227508
Norovirus,swept,21,0.8,7,0.35,High-throughput molecular screening,molecular,113344640.38032109,99492482.8542861,366850860.2057054,78517531.71863116
Norovirus,swept,21,0.8,14,0.35,High-throughput molecular screening,molecular,170327680.9249509,152021649.72728992,378159633.61601114,89826305.1289367
Norovirus,swept,21,0.8,21,0.35,High-throughput molecular screening,molecular,207737467.92750078,203273716.27960768,402405371.76348597,114072043.27641119
Norovirus,swept,35,0.4,7,1.05,No systematic screening,none,270550780.45766723,309578212.5451285,592267073.3510498,303933744.86397463
Norovirus,swept,35,0.4,14,1.05,No systematic screening,none,272616844.52551943,313900750.89482373,610989593.794964,322656265.3078888
Norovirus,swept,35,0.4,21,1.05,No systematic screening,none,273573692.7595394,315900681.89480877,619938478.8361197,331605150.34904474
Norovirus,swept,35,0.6,7,0.7,No systematic screening,none,268856335.7469188,306280228.6955449,576621419.3996807,288288090.9126055
Norovirus,swept,35,0.6,14,0.7,No systematic screening,none,271553448.0629357,311951111.80951947,601906581.688174,313573253.201099
Norovirus,swept,35,0.6,21,0.7,No systematic screening,none,272817556.7304193,314602990.6002302,614120817.501472,325787489.014397
Norovirus,swept,35,0.8,7,0.35,No systematic screening,none,267499226.01148286,303642356.8142046,564721977.3440222,276388648.85694736
Norovirus,swept,35,0.8,14,0.35,No systematic screening,none,270666910.2036342,310309393.54723054,594248068.7505888,305914740.26351374
Norovirus,swept,35,0.8,21,0.35,No systematic screening,none,272171098.0899149,313470466.0545225,608949894.2241927,320616565.7371176
Norovirus,swept,50,0.4,7,1.05,No systematic screening,none,275000669.2572526,318855976.76030564,632766108.5517024,344432780.06462735
Norovirus,swept,50,0.4,14,1.05,No systematic screening,none,275055805.0618137,318963464.6717553,633280735.1479905,344947406.6609154
Norovirus,swept,50,0.4,21,1.05,No systematic screening,none,275084111.02489513,319014035.2987847,633518515.1235977,345185186.6365229
Norovirus,swept,50,0.6,7,0.7,No systematic screening,none,274805529.54926693,318727639.0767014,632388977.8029548,344055649.31588024
Norovirus,swept,50,0.6,14,0.7,No systematic screening,none,274876935.81545097,318866758.3649768,633055568.2443194,344722239.75724393
Norovirus,swept,50,0.6,21,0.7,No systematic screening,none,274913927.90586656,318933054.9821546,633367692.8243377,345034364.3372626
Norovirus,swept,50,0.8,7,0.35,No systematic screening,none,274652391.90374243,318625872.4203834,632086689.2566276,343753360.76955295
Norovirus,swept,50,0.8,14,0.35,No systematic screening,none,274735930.2599476,318788606.20783246,632866639.2707244,344533310.7836492
Norovirus,swept,50,0.8,21,0.35,No systematic screening,none,274779592.0060201,318867117.0811345,633236650.9699379,344903322.4828633
Norovirus,none,-1,0.0,-1,1.75,No systematic screening,none,275613655.9885692,319254381.38439614,633915558.8416775,345582230.3546024
Ebola,swept,14,0.4,7,0.96,High-throughput molecular screening,molecular,45433570592.011986,14887649814.571224,1733629848.3272612,1445296519.840188
Ebola,swept,14,0.4,14,0.96,High-throughput molecular screening,molecular,46866870038.90317,15359962185.374735,1777494415.0761826,1489161086.589108
Ebola,swept,14,0.4,21,0.96,High-throughput molecular screening,molecular,48767781792.29286,15986771301.762188,1835724161.9491436,1547390833.4620678
Ebola,swept,14,0.6,7,0.64,High-throughput molecular screening,molecular,10039673182.293585,3308579487.6781697,661690921.241203,373357592.75412816
Ebola,swept,14,0.6,14,0.64,High-throughput molecular screening,molecular,10359664955.123272,3412645088.27267,671299733.6697187,382966405.1826442
Ebola,swept,14,0.6,21,0.64,High-throughput molecular screening,molecular,10776883802.734207,3548336857.895098,683828990.234477,395495661.74740213
Ebola,swept,14,0.8,7,0.32,High-throughput molecular screening,molecular,5614698799.952938,1869865714.258452,528862469.3198688,240529140.832794
Ebola,swept,14,0.8,14,0.32,High-throughput molecular screening,molecular,5833618464.634646,1941023729.424591,535431269.6234482,247097941.13637367
Ebola,swept,14,0.8,21,0.32,High-throughput molecular screening,molecular,6112958123.043514,2031822862.4878974,543813282.6352049,255479954.14813018
Ebola,swept,21,0.4,7,0.96,High-throughput molecular screening,molecular,48676485698.90814,15956672606.99683,1832928248.8399732,1544594920.3528972
Ebola,swept,21,0.4,14,0.96,High-throughput molecular screening,molecular,51091572555.0665,16753682697.62994,1906996619.40295,1618663290.915875
Ebola,swept,21,0.4,21,0.96,High-throughput molecular screening,molecular,54174828246.405495,17772290511.893932,2001704055.561528,1713370727.0744534
Ebola,swept,21,0.6,7,0.64,High-throughput molecular screening,molecular,10788033200.728859,3551962624.354768,684163765.7046354,395830437.21756035
Ebola,swept,21,0.6,14,0.64,High-throughput molecular screening,molecular,11333502447.996887,3729376521.3004193,700545941.546381,412212613.0593059
Ebola,swept,21,0.6,21,0.64,High-throughput molecular screening,molecular,12018554809.170607,3952209019.9509177,721122789.1140971,432789460.6270223
Ebola,swept,21,0.8,7,0.32,High-throughput molecular screening,molecular,6142348974.386629,2041376360.9704828,544695203.4083521,256361874.92127714
Ebola,swept,21,0.8,14,0.32,High-throughput molecular screening,molecular,6515688045.351896,2162734008.9463344,555898353.6679678,267565025.18089324
Ebola,swept,21,0.8,21,0.32,High-throughput molecular screening,molecular,6974548725.419162,2311897734.843434,569668685.134201,281335356.64712566
Ebola,swept,35,0.4,7,0.96,High-throughput molecular screening,molecular,62721193993.57588,20602277128.24055,2265101347.680902,1976768019.1938272
Ebola,swept,35,0.4,14,0.96,High-throughput molecular screening,molecular,68668445727.65079,22577141707.092617,2449140820.092498,2160807491.605424
Ebola,swept,35,0.4,21,0.96,High-throughput molecular screening,molecular,75993908064.36179,25015890851.880398,2676672349.8845925,2388339021.3975163
Ebola,swept,35,0.6,7,0.64,High-throughput molecular screening,molecular,14096362019.748882,4628198098.017317,783550132.2478625,495216803.7607875
Ebola,swept,35,0.6,14,0.64,High-throughput molecular screening,molecular,15478037382.104786,5077823839.14059,825077537.6914026,536744209.2043278
Ebola,swept,35,0.6,21,0.64,High-throughput molecular screening,molecular,17156141410.760572,5624040613.777267,875531221.5571043,587197893.0700289
Ebola,swept,35,0.8,7,0.32,High-throughput molecular screening,molecular,8476956237.686315,2800340351.092282,614762159.9605354,326428831.4734612
Ebola,swept,35,0.8,14,0.32,High-throughput molecular screening,molecular,9423185214.61247,3108008541.6802616,643168103.6984676,354834775.2113932
Ebola,swept,35,0.8,21,0.32,High-throughput molecular screening,molecular,10547959493.39475,3473776600.0264883,676940045.4422126,388606716.9551377
Ebola,swept,50,0.4,7,0.96,High-throughput molecular screening,molecular,99564305263.1315,32909693639.303467,3415147382.2097697,3126814053.7226977
Ebola,swept,50,0.4,14,0.96,High-throughput molecular screening,molecular,113701699720.02373,37678121478.76684,3862692384.6978097,3574359056.210735
Ebola,swept,50,0.4,21,0.96,High-throughput molecular screening,molecular,130792652110.50986,43476404020.89929,4408361269.20031,4120027940.7132316
Ebola,swept,50,0.6,7,0.64,High-throughput molecular screening,molecular,23080966302.1045,7553584272.675967,1053803785.6750245,765470457.1879497
Ebola,swept,50,0.6,14,0.64,High-throughput molecular screening,molecular,26512950520.531925,8672100591.64739,1157177846.3475728,868844517.8604987
Ebola,swept,50,0.6,21,0.64,High-throughput molecular screening,molecular,30624171983.21235,10012798511.029184,1281119008.2319329,992785679.7448583
Ebola,swept,50,0.8,7,0.32,High-throughput molecular screening,molecular,14822484423.905119,4864247001.664856,805341630.311045,517008301.8239699
Ebola,swept,50,0.8,14,0.32,High-throughput molecular screening,molecular,17175270154.0593,5629911968.653011,876059185.8732272,587725857.3861514
Ebola,swept,50,0.8,21,0.32,High-throughput molecular screening,molecular,19934413255.382847,6528120972.654003,959030906.1151003,670697577.6280268
Ebola,none,-1,0.0,-1,1.6,High-throughput molecular screening,molecular,11672560167022.867,11643163821485.965,11559662306782.475,11559373973453.984
Diphtheria,swept,14,0.4,7,1.65,High-throughput molecular screening,molecular,270128489697.5966,125068499700.6916,14599802384.088423,14311469055.601349
Diphtheria,swept,14,0.4,14,1.65,High-throughput molecular screening,molecular,287525223286.9989,136680404023.11111,16263313837.634922,15974980509.14785
Diphtheria,swept,14,0.4,21,1.65,High-throughput molecular screening,molecular,307471443385.18,150741125784.27838,18376388387.521427,18088055059.034363
Diphtheria,swept,14,0.6,7,1.1,High-throughput molecular screening,molecular,455050463.701303,193046236.07331574,374081809.56952566,85748481.08245094
Diphtheria,swept,14,0.6,14,1.1,High-throughput molecular screening,molecular,491458671.9435205,204899183.1971192,375176747.460224,86843418.97314945
Diphtheria,swept,14,0.6,21,1.1,High-throughput molecular screening,molecular,542323710.433406,221461686.71954334,376706862.0369546,88373533.54987979
Diphtheria,swept,14,0.8,7,0.55,No systematic screening,none,45208048.74120276,59744826.5451903,361772919.06799304,73439590.58091834
Diphtheria,swept,14,0.8,14,0.55,No systematic screening,none,47479908.60251802,60483207.28043328,361841078.35337883,73507749.86630432
Diphtheria,swept,14,0.8,21,0.55,No systematic screening,none,50664541.91452253,61518254.90861046,361936622.8937427,73603294.40666814
Diphtheria,swept,21,0.4,7,1.65,High-throughput molecular screening,molecular,306704999234.80133,150185572344.1394,18290764234.32153,18002430905.83446
Diphtheria,swept,21,0.4,14,1.65,High-throughput molecular screening,molecular,328492605033.6422,166488232302.53564,20881124688.407696,20592791359.92061
Diphtheria,swept,21,0.4,21,1.65,High-throughput molecular screening,molecular,351841771015.0944,185188191063.9446,24062673143.028328,23774339814.541267
Diphtheria,swept,21,0.6,7,1.1,High-throughput molecular screening,molecular,540228957.8144059,220779593.59618664,376643847.08914405,88310518.60206914
Diphtheria,swept,21,0.6,14,1.1,High-throughput molecular screening,molecular,608675643.6231184,243072422.46080527,378703573.92029244,90370245.43321727
Diphtheria,swept,21,0.6,21,1.1,High-throughput molecular screening,molecular,701347424.3799775,273265437.4271006,381493643.05354595,93160314.56647104
Diphtheria,swept,21,0.8,7,0.55,No systematic screening,none,50702477.98093073,61530584.52784114,361937761.0287554,73604432.54168043
Diphtheria,swept,21,0.8,14,0.55,No systematic screening,none,55151213.084318325,62976491.64124847,362071232.12631845,73737903.6392436
Diphtheria,swept,21,0.8,21,0.55,No systematic screening,none,61195006.82498861,64940836.16921221,362252560.7401128,73919232.25303783
Diphtheria,swept,35,0.4,7,1.65,High-throughput molecular screening,molecular,400031187339.14496,228295228412.7247,32389975297.29158,32101641968.804512
Diphtheria,swept,35,0.4,14,1.65,High-throughput molecular screening,molecular,424606701934.4956,252906631757.13727,37880349572.47138,37592016243.98433
Diphtheria,swept,35,0.4,21,1.65,High-throughput molecular screening,molecular,448694052967.38477,278956311270.6897,44396604362.81202,44108271034.32495
Diphtheria,swept,35,0.6,7,1.1,High-throughput molecular screening,molecular,985282811.4760171,365846689.8148463,390051845.1079392,101718516.62086448
Diphtheria,swept,35,0.6,14,1.1,High-throughput molecular screening,molecular,1202035978.480323,436595256.44571143,396594799.5738819,108261471.08680703
Diphtheria,swept,35,0.6,21,1.1,High-throughput molecular screening,molecular,1488263335.7081,530116577.3788836,405247731.22811764,116914402.74104281
Diphtheria,swept,35,0.8,7,0.55,Rapid Antigen Test (RAT),rapid,81435392.65169737,71519491.23938929,362859842.5783862,74526514.09131151
Diphtheria,swept,35,0.8,14,0.55,High-throughput molecular screening,molecular,96760095.4790822,76500588.68776332,363319659.1493655,74986330.6622906
Diphtheria,swept,35,0.8,21,0.55,High-throughput molecular screening,molecular,117088030.65897715,83108150.20418015,363929627.5499813,75596299.06290692
Diphtheria,swept,50,0.4,7,1.65,High-throughput molecular screening,molecular,499827633751.2561,341311871817.3478,63787423433.30666,63499090104.819595
Diphtheria,swept,50,0.4,14,1.65,High-throughput molecular screening,molecular,520166328399.40204,369034277284.4221,74660165227.15033,74371831898.66325
Diphtheria,swept,50,0.4,21,1.65,High-throughput molecular screening,molecular,539049004950.7462,396367990858.7403,87186222110.75633,86897888782.26923
Diphtheria,swept,50,0.6,7,1.1,High-throughput molecular screening,molecular,2525276013.269576,869868618.6630329,436720384.8304998,148387056.343425
Diphtheria,swept,50,0.6,14,1.1,High-throughput molecular screening,molecular,3224730204.8222857,1099829779.0189893,458055498.1740303,169722169.68695566
Diphtheria,swept,50,0.6,21,1.1,High-throughput molecular screening,molecular,4138490278.629773,1401215709.6056392,486056997.9080243,197723669.4209498
Diphtheria,swept,50,0.8,7,0.55,High-throughput molecular screening,molecular,197934620.8879324,109389685.61056954,366355873.4478642,78022544.96078949
Diphtheria,swept,50,0.8,14,0.55,High-throughput molecular screening,molecular,252514065.44454774,127134670.48236278,367994141.0781595,79660812.59108499
Diphtheria,swept,50,0.8,21,0.55,High-throughput molecular screening,molecular,324390177.0095446,150506113.94857427,370151977.68924487,81818649.20217034
Diphtheria,none,-1,0.0,-1,2.75,High-throughput molecular screening,molecular,975186695353.8684,974024129552.9163,971514975179.9745,971226641851.487
