Rt,cost_per_case,winner,winner_key,cost_none,cost_rapid,cost_lab,cost_molecular
0.5,10.0,No systematic screening,none,207599.55772343435,45119558.759696275,360422889.4350097,72089560.9479347
0.5,17.78279410038923,No systematic screening,none,369170.01903277007,45172074.08405301,360427737.202163,72094408.71508841
0.5,31.622776601683793,No systematic screening,none,656487.4436496525,45265461.00406805,360436357.8866775,72103029.3996024
0.5,56.23413251903491,No systematic screening,none,1167418.103991264,45431529.04109783,360451687.8724488,72118359.38537423
0.5,100.0,No systematic screening,none,2075995.5772343432,45726844.41201341,360478948.8705035,72145620.38342845
0.5,177.82794100389228,No systematic screening,none,3691700.1903276993,46251997.655580655,360527426.5420403,72194098.0549655
0.5,316.22776601683796,No systematic screening,none,6564874.436496522,47185866.85573146,360613633.3871811,72280304.90010622
0.5,562.341325190349,No systematic screening,none,11674181.039912647,48846547.22602911,360766933.2448994,72433604.75782447
0.5,1000.0,No systematic screening,none,20759955.772343423,51799700.93518522,361039543.2254416,72706214.73836663
0.5,1778.2794100389228,No systematic screening,none,36917001.903277,57051233.37085768,361524319.9408108,73190991.45373598
0.5,3162.2776601683795,No systematic screening,none,65648744.364965215,66389925.372365616,362386388.3922185,74053059.90514354
0.5,5623.413251903491,High-throughput molecular screening,molecular,116741810.39912643,82996729.07534206,363919386.9694009,75586058.48232584
0.5,10000.0,High-throughput molecular screening,molecular,207599557.72343454,112528266.16690357,366645486.7748232,78312158.2877482
0.5,17782.794100389227,High-throughput molecular screening,molecular,369170019.0327701,165043590.52362773,371493253.92851645,83159925.44144158
0.5,31622.776601683792,High-throughput molecular screening,molecular,656487443.6496524,258430510.53870636,380113938.44259244,91780609.95551766
0.5,56234.13251903491,High-throughput molecular screening,molecular,1167418103.991264,424498547.5684718,395443924.2144151,107110595.72734056
0.5,100000.0,High-throughput molecular screening,molecular,2075995577.2343433,719813918.4840858,422704922.2686376,134371593.78156275
0.5,177827.94100389228,High-throughput molecular screening,molecular,3691700190.3277,1244967162.0513284,471182593.8055724,182849265.31849727
0.5,316227.7660168379,High-throughput molecular screening,molecular,6564874436.496518,2178836362.2021136,557389438.9463329,269056110.4592582
0.5,562341.3251903491,High-throughput molecular screening,molecular,11674181039.912645,3839516732.4997725,710689296.6645617,422355968.1774867
0.5,1000000.0,High-throughput molecular screening,molecular,20759955772.34343,6792670441.655912,983299277.2067845,694965948.7197089
0.5,1778279.410038923,High-throughput molecular screening,molecular,36917001903.277016,12044202877.328346,1468075992.5761302,1179742664.0890555
0.5,3162277.6601683795,High-throughput molecular screening,molecular,65648744364.965195,21382894878.836174,2330144443.983737,2041811115.4966626
0.5,5623413.251903491,High-throughput molecular screening,molecular,72659845203.20209,23661716339.355434,2540505818.7016354,2252172490.2145605
0.5,10000000.0,High-throughput molecular screening,molecular,72659845203.20209,23661716339.355434,2540505818.7016354,2252172490.2145605
0.6285714285714286,10.0,No systematic screening,none,210514.231454823,45120506.63917244,360422976.95622385,72089648.46914892
0.6285714285714286,17.78279410038923,No systematic screening,none,374353.1233162793,45173759.67860871,360427892.83933645,72094564.35226163
0.6285714285714286,31.622776601683793,No systematic screening,none,665704.4512771022,45268458.46216009,360436634.65305775,72103306.165983
0.6285714285714286,56.23413251903491,No systematic screening,none,1183808.518877331,45436859.359105445,360452180.04040486,72118851.55333024
0.6285714285714286,100.0,No systematic screening,none,2105142.3145482284,45736323.20677534,360479824.0826457,72146495.59557083
0.6285714285714286,177.82794100389228,No systematic screening,none,3743531.233162798,46268853.60113787,360528982.9137723,72195654.4266976
0.6285714285714286,316.22776601683796,No systematic screening,none,6657044.512771021,47215841.43665254,360616401.05098635,72283072.56391189
0.6285714285714286,562.341325190349,No systematic screening,none,11838085.188773293,48899850.406105585,360771854.9244587,72438526.43738398
0.6285714285714286,1000.0,No systematic screening,none,21051423.145482287,51894488.88280484,361048295.34686494,72714966.85979006
0.6285714285714286,1778.2794100389228,No systematic screening,none,37435312.33162795,57219792.82642944,361539883.65813255,73206555.17105754
0.6285714285714286,3162.2776601683795,No systematic screening,none,66570445.12771017,66689671.181576245,362414065.030275,74080736.54320014
0.6285714285714286,5623.413251903491,High-throughput molecular screening,molecular,118380851.88773297,83529760.87610693,363968603.76499593,75635275.27792104
0.6285714285714286,10000.0,High-throughput molecular screening,molecular,210514231.4548229,113476145.64309955,366733007.98905754,78399679.50198297
0.6285714285714286,17782.794100389227,High-throughput molecular screening,molecular,374353123.3162796,166729185.07934564,371648891.1017321,83315562.61465707
0.6285714285714286,31622.776601683792,High-throughput molecular screening,molecular,665704451.2771021,261427968.63081324,380390704.82315826,92057376.3360834
0.6285714285714286,56234.13251903491,High-throughput molecular screening,molecular,1183808518.8773293,429828865.5761204,395936092.170367,107602763.68329164
0.6285714285714286,100000.0,High-throughput molecular screening,molecular,2105142314.5482297,729292713.2460473,423580134.4109865,135246805.9239115
0.6285714285714286,177827.94100389228,High-throughput molecular screening,molecular,3743531233.1627955,1261823107.6085098,472738965.5377271,184405637.05065235
0.6285714285714286,316227.7660168379,High-throughput molecular screening,molecular,6657044512.771025,2208810943.123183,560157102.7519906,271823774.2649158
0.6285714285714286,562341.3251903491,High-throughput molecular screening,molecular,11838085188.773294,3892819912.5762596,715610976.2240735,427277647.7369978
0.6285714285714286,1000000.0,High-throughput molecular screening,molecular,21051423145.4823,6887458389.275521,992051398.6302723,703718070.1431977
0.6285714285714286,1778279.410038923,High-throughput molecular screening,molecular,37435312331.62799,12212762332.90013,1483639709.8976796,1195306381.410606
0.6285714285714286,3162277.6601683795,High-throughput molecular screening,molecular,66570445127.710175,21682640688.046898,2357821082.040316,2069487753.553241
0.6285714285714286,5623413.251903491,High-throughput molecular screening,molecular,73679981009.18791,23993474156.02405,2571138243.683843,2282804915.196768
0.6285714285714286,10000000.0,High-throughput molecular screening,molecular,73679981009.18791,23993474156.02405,2571138243.683843,2282804915.196768
0.7571428571428571,10.0,No systematic screening,none,214966.7330958765,45121954.731263824,360423110.6678097,72089782.18073456
0.7571428571428571,17.78279410038923,No systematic screening,none,382270.91530772956,45176334.79095866,360428130.61589587,72094802.12882122
0.7571428571428571,31.622776601683793,No systematic screening,none,679784.4977484677,45273037.7314307,360437057.48621804,72103728.99914327
0.7571428571428571,56.23413251903491,No systematic screening,none,1208846.775609751,45445002.57936228,360452931.95590776,72119603.4688329
0.7571428571428571,100.0,No systematic screening,none,2149667.330958763,45750804.12768949,360481161.19850224,72147832.71142733
0.7571428571428571,177.82794100389228,No systematic screening,none,3822709.153077294,46294604.72463779,360531360.67936933,72198032.19229405
0.7571428571428571,316.22776601683796,No systematic screening,none,6797844.977484685,47261634.12935785,360620629.3825888,72287300.89551398
0.7571428571428571,562.341325190349,No systematic screening,none,12088467.756097514,48981282.6086737,360779374.07948595,72446045.59241085
0.7571428571428571,1000.0,No systematic screening,none,21496673.30958764,52039298.09194584,361061666.50543004,72728338.01835538
0.7571428571428571,1778.2794100389228,No systematic screening,none,38227091.53077297,57477304.061429,361563661.3140971,73230332.82702252
0.7571428571428571,3162.2776601683795,Rapid Antigen Test (RAT),rapid,67978449.77484682,67147598.10862948,362456348.3462962,74123019.85922173
0.7571428571428571,5623.413251903491,High-throughput molecular screening,molecular,120884677.56097522,84344082.90178798,364043795.3152651,75710466.82819028
0.7571428571428571,10000.0,High-throughput molecular screening,molecular,214966733.0958762,114924237.73450957,366866719.57471037,78533391.08763579
0.7571428571428571,17782.794100389227,High-throughput molecular screening,molecular,382270915.3077292,169304297.4293402,371886667.66138244,83553339.17430703
0.7571428571428571,31622.776601683792,High-throughput molecular screening,molecular,679784497.7484686,266007237.90134534,380813537.98337406,92480209.49629907
0.7571428571428571,56234.13251903491,High-throughput molecular screening,molecular,1208846775.6097527,437972085.83293194,396688007.6730591,108354679.18598482
0.7571428571428571,100000.0,High-throughput molecular screening,molecular,2149667330.9587636,743773634.1601458,424917250.26751477,136583921.7804399
0.7571428571428571,177827.94100389228,High-throughput molecular screening,molecular,3822709153.077295,1287574231.108453,475116731.13422835,186783402.6471533
0.7571428571428571,316227.7660168379,High-throughput molecular screening,molecular,6797844977.484677,2254603635.8285065,564385434.3541472,276052105.8670722
0.7571428571428571,562341.3251903491,High-throughput molecular screening,molecular,12088467756.097513,3974252115.1443706,723130131.2510039,434796802.76392937
0.7571428571428571,1000000.0,High-throughput molecular screening,molecular,21496673309.587643,7032267598.41651,1005422557.1955553,717089228.708481
0.7571428571428571,1778279.410038923,High-throughput molecular screening,molecular,38227091530.77295,12470273567.899591,1507417365.862689,1219084037.3756135
0.7571428571428571,3162277.6601683795,High-throughput molecular screening,molecular,67978449774.846855,22140567615.100124,2400104398.0618806,2111771069.5748038
0.7571428571428571,5623413.251903491,High-throughput molecular screening,molecular,75238356583.55672,24500306388.017513,2617937298.6623344,2329603970.175259
0.7571428571428571,10000000.0,High-throughput molecular screening,molecular,75238356583.55672,24500306388.017513,2617937298.6623344,2329603970.175259
0.8857142857142858,10.0,No systematic screening,none,235203.10161636057,45128537.74963,360423718.5813749,72090390.09430015
0.8857142857142858,17.78279410038923,No systematic screening,none,418256.83278166654,45188041.236975096,360429211.6560727,72095883.16899793
0.8857142857142858,31.622776601683793,No systematic screening,none,743777.513843729,45293855.06334639,360438979.8777055,72105651.39063081
0.8857142857142858,56.23413251903491,No systematic screening,none,1322644.2385182448,45482021.612079956,360456350.5051083,72123022.0180333
0.8857142857142858,100.0,No systematic screening,none,2352031.016163605,45816634.31135089,360487240.33415735,72153911.8470826
0.8857142857142858,177.82794100389228,No systematic screening,none,4182568.3278166656,46411669.18480192,360542171.0811354,72208842.5940606
0.8857142857142858,316.22776601683796,No systematic screening,none,7437775.138437304,47469807.448515005,360639853.2974645,72306524.81038958
0.8857142857142858,562.341325190349,No systematic screening,none,13226442.385182457,49351472.935850486,360813559.571489,72480231.0844144
0.8857142857142858,1000.0,No systematic screening,none,23520310.161636036,52697599.928559825,361122457.86198246,72789129.37490731
0.8857142857142858,1778.2794100389228,No systematic screening,none,41825683.2781666,58647948.66307036,361671765.331762,73338436.84468716
0.8857142857142858,3162.2776601683795,Rapid Antigen Test (RAT),rapid,74377751.384373,69229331.30020155,362648587.495052,74315259.00797708
0.8857142857142858,5623.413251903491,High-throughput molecular screening,molecular,132264423.8518245,88045986.17355545,364385650.23530036,76052321.74822538
0.8857142857142858,10000.0,High-throughput molecular screening,molecular,235203101.61636055,121507256.10064907,367474633.1402294,79141304.65315466
0.8857142857142858,17782.794100389227,High-throughput molecular screening,molecular,418256832.7816665,181010743.44575417,372967707.83802754,84634379.35095261
0.8857142857142858,31622.776601683792,High-throughput molecular screening,molecular,743777513.8437302,286824569.8170667,382735929.47092724,94402600.98385261
0.8857142857142858,56234.13251903491,High-throughput molecular screening,molecular,1322644238.5182455,474991118.5506054,400106556.87341,111773228.38633527
0.8857142857142858,100000.0,High-throughput molecular screening,molecular,2352031016.1636066,809603817.8215417,430996385.9227028,142663057.4356281
0.8857142857142858,177827.94100389228,High-throughput molecular screening,molecular,4182568327.81666,1404638691.272594,485927132.9006828,197593804.4136078
0.8857142857142858,316227.7660168379,High-throughput molecular screening,molecular,7437775138.437302,2462776954.9857173,583609349.2296814,295276020.742607
0.8857142857142858,562341.3251903491,High-throughput molecular screening,molecular,13226442385.182459,4344442442.321101,757315623.2545087,468982294.76743394
0.8857142857142858,1000000.0,High-throughput molecular screening,molecular,23520310161.636044,7690569435.030473,1066213913.7474369,777880585.2603635
0.8857142857142858,1778279.410038923,High-throughput molecular screening,molecular,41825683278.16663,13640918169.541002,1615521383.5272324,1327188055.0401604
0.8857142857142858,3162277.6601683795,High-throughput molecular screening,molecular,74377751384.37302,24222300806.67224,2592343546.8172274,2304010218.3301506
0.8857142857142858,5623413.251903491,High-throughput molecular screening,molecular,82321085565.72614,26804362816.16638,2830707046.5939207,2542373718.1068473
0.8857142857142858,10000000.0,High-throughput molecular screening,molecular,82321085565.72614,26804362816.16638,2830707046.5939207,2542373718.1068473
1.0142857142857142,10.0,No systematic screening,none,259959.11989781246,45136594.107878886,360424462.67562157,72091134.18854696
1.0142857142857142,17.78279410038923,No systematic screening,none,462279.95036611916,45202367.69296906,360430534.8635514,72097206.3764762
1.0142857142857142,31.622776601683793,No systematic screening,none,822062.9174098846,45319331.5050593,360441332.91031903,72108004.42324474
1.0142857142857142,56.23413251903491,No systematic screening,none,1461857.559786529,45527325.843819045,360460534.8545566,72127206.36748181
1.0142857142857142,100.0,No systematic screening,none,2599591.1989781274,45897197.893840134,360494681.276626,72161352.78955123
1.0142857142857142,177.82794100389228,No systematic screening,none,4622799.503661193,46554933.7447416,360555403.1559187,72222074.66884384
1.0142857142857142,316.22776601683796,No systematic screening,none,8220629.174098866,47724571.86564413,360663383.62360376,72330055.13652888
1.0142857142857142,562.341325190349,No systematic screening,none,14618575.597865274,49804515.25324156,360855403.06597406,72522074.5788993
1.0142857142857142,1000.0,No systematic screening,none,25995911.989781268,53503235.75345273,361196867.2866685,72863538.79959396
1.0142857142857142,1778.2794100389228,No systematic screening,none,46227995.03661199,60080594.26246707,361804086.0795949,73470757.59252007
1.0142857142857142,3162.2776601683795,Rapid Antigen Test (RAT),rapid,82206291.74098858,71776975.47149168,362883890.7564446,74550562.2693695
1.0142857142857142,5623.413251903491,High-throughput molecular screening,molecular,146185755.97865263,92576409.34746619,364804085.1801495,76470756.69307463
1.0142857142857142,10000.0,High-throughput molecular screening,molecular,259959119.89781234,129563614.3495779,368218727.38709575,79885398.90002088
1.0142857142857142,17782.794100389227,High-throughput molecular screening,molecular,462279950.3661194,195337199.43972176,374290915.31635803,85957586.82928318
1.0142857142857142,31622.776601683792,High-throughput molecular screening,molecular,822062917.4098861,312301011.529968,385088962.08485216,96755633.59777734
1.0142857142857142,56234.13251903491,High-throughput molecular screening,molecular,1461857559.786528,520295350.28971344,404290906.3219029,115957577.83482768
1.0142857142857142,100000.0,High-throughput molecular screening,molecular,2599591198.9781256,890167400.3108302,438437328.39136505,150103999.90429017
1.0142857142857142,177827.94100389228,High-throughput molecular screening,molecular,4622799503.661197,1547903251.2122703,499159207.68398815,210825879.1969136
1.0142857142857142,316227.7660168379,High-throughput molecular screening,molecular,8220629174.09886,2717541372.1147285,607139675.3689294,318806346.88185465
1.0142857142857142,562341.3251903491,High-throughput molecular screening,molecular,14618575597.865278,4797484759.712201,799159117.739434,510825789.2523588
1.0142857142857142,1000000.0,High-throughput molecular screening,molecular,25995911989.781246,8496205259.923364,1140623338.4340577,852290009.9469819
1.0142857142857142,1778279.410038923,High-throughput molecular screening,molecular,46227995036.611946,15073563768.937763,1747842131.3602927,1459508802.873217
1.0142857142857142,3162277.6601683795,High-throughput molecular screening,molecular,82206291740.98859,26769944977.96236,2827646808.209701,2539313479.7226295
1.0142857142857142,5623413.251903491,High-throughput molecular screening,molecular,90985691964.23433,29624088203.291515,3091140032.997093,2802806704.510015
1.0142857142857142,10000000.0,High-throughput molecular screening,molecular,90985691964.23433,29624088203.291515,3091140032.997093,2802806704.510015
1.1428571428571428,10.0,No systematic screening,none,290924.50241449923,45146676.550484516,360425394.1184755,72092065.63140085
1.1428571428571428,17.78279410038923,No systematic screening,none,517345.0525195222,45220297.093057476,360432191.2291999,72098862.7421249
1.1428571428571428,31.622776601683793,No systematic screening,none,919984.0547809721,45351214.988071,360444278.3912482,72110949.90417336
1.1428571428571428,56.23413251903491,No systematic screening,none,1635988.7021811218,45584023.58517906,360465772.7426445,72132444.25556968
1.1428571428571428,100.0,No systematic screening,none,2909245.0241449918,45998022.31989638,360503995.7051651,72170667.21809009
1.1428571428571428,177.82794100389228,No systematic screening,none,5173450.525195224,46734227.74562637,360571966.8124056,72238638.32533087
1.1428571428571428,316.22776601683796,No systematic screening,none,9199840.54780973,48043406.69576096,360692838.4328894,72359509.94581458
1.1428571428571428,562.341325190349,No systematic screening,none,16359887.02181122,50371492.6668416,360907781.9468532,72574453.45977889
1.1428571428571428,1000.0,No systematic screening,none,29092450.241449904,54511480.01401491,361290011.5720579,72956683.08498293
1.1428571428571428,1778.2794100389228,No systematic screening,none,51734505.25195223,61873534.27131474,361969722.64446515,73636394.15739022
1.1428571428571428,3162.2776601683795,High-throughput molecular screening,molecular,91998405.47809729,74965323.77266039,363178438.84930253,74845110.36222762
1.1428571428571428,5623.413251903491,High-throughput molecular screening,molecular,163598870.2181122,98246183.48346725,365327873.9889455,76994545.50187033
1.1428571428571428,10000.0,High-throughput molecular screening,molecular,290924502.41449887,139646056.95519966,369150170.24098605,80816841.7539111
1.1428571428571428,17782.794100389227,High-throughput molecular screening,molecular,517345052.5195222,213266599.5281982,375947280.96505904,87613952.47798403
1.1428571428571428,31622.776601683792,High-throughput molecular screening,molecular,919984054.780972,344184494.5416549,388034443.0134324,99701114.52635778
1.1428571428571428,56234.13251903491,High-throughput molecular screening,molecular,1635988702.1811228,576993091.6497236,409528794.40985984,121195465.92278473
1.1428571428571428,100000.0,High-throughput molecular screening,molecular,2909245024.144988,990991826.3670474,447751756.9302671,159418428.4431921
1.1428571428571428,177827.94100389228,High-throughput molecular screening,molecular,5173450525.195225,1727197252.0970323,515722864.1709967,227389535.68392208
1.1428571428571428,316227.7660168379,High-throughput molecular screening,molecular,9199840547.809721,3036376202.231602,636594484.6547345,348261156.16765976
1.1428571428571428,562341.3251903491,High-throughput molecular screening,molecular,16359887021.811237,5364462173.312291,851537998.6190045,563204670.1319293
1.1428571428571428,1000000.0,High-throughput molecular screening,molecular,29092450241.449917,9504449520.485529,1233767623.8230772,945434295.3360028
1.1428571428571428,1778279.410038923,High-throughput molecular screening,molecular,51734505251.952255,16866503777.785387,1913478696.2303762,1625145367.7433028
1.1428571428571428,3162277.6601683795,High-throughput molecular screening,molecular,91998405478.0973,29958293279.13109,3122194901.0677543,2833861572.5806813
1.1428571428571428,5623413.251903491,High-throughput molecular screening,molecular,101823575845.07462,33152943115.25909,3417145031.8586674,3128811703.37159
1.1428571428571428,10000000.0,High-throughput molecular screening,molecular,101823575845.07462,33152943115.25909,3417145031.8586674,3128811703.37159
1.2714285714285716,10.0,No systematic screening,none,330674.41528967756,45159629.151937306,360426591.1145556,72093262.62748082
1.2714285714285716,17.78279410038923,No systematic screening,none,588031.5041362932,45243330.437527515,360434319.82268256,72100991.33560796
1.2714285714285716,31.622776601683793,No systematic screening,none,1045684.3162597886,45392174.71028624,360448063.6252114,72114735.13813648
1.2714285714285716,56.23413251903491,No systematic screening,none,1859518.8890054116,45656861.41583539,360472503.9462635,72139175.45918861
1.2714285714285716,100.0,No systematic screening,none,3306744.152896775,46127548.33442446,360515965.66596526,72182637.17889033
1.2714285714285716,177.82794100389228,No systematic screening,none,5880315.041362931,46964561.190326035,360593252.74723583,72259924.26016094
1.2714285714285716,316.22776601683796,No systematic screening,none,10456843.162597887,48453003.91791367,360730690.7725211,72397362.2854463
1.2714285714285716,562.341325190349,No systematic screening,none,18595188.8900541,51099870.973404996,360975093.9830425,72641765.49596776
1.2714285714285716,1000.0,No systematic screening,none,33067441.52896777,55806740.15929554,361409711.1800604,73076382.69298542
1.2714285714285716,1778.2794100389228,No systematic screening,none,58803150.41362937,64176868.71831126,362182581.99276555,73849253.50569063
1.2714285714285716,3162.2776601683795,High-throughput molecular screening,molecular,104568431.62597892,79061295.9941879,363556962.2456194,75223633.7585444
1.2714285714285716,5623.413251903491,High-throughput molecular screening,molecular,185951888.90054107,105529966.5491008,366000994.3508336,77667665.86375849
1.2714285714285716,10000.0,High-throughput molecular screening,molecular,330674415.2896777,152598658.4080062,370347166.3210096,82013837.83393489
1.2714285714285716,17782.794100389227,High-throughput molecular screening,molecular,588031504.1362935,236299943.99816412,378075874.4480626,89742545.96098769
1.2714285714285716,31622.776601683792,High-throughput molecular screening,molecular,1045684316.259789,385144216.7569291,391819676.9766011,103486348.48952632
1.2714285714285716,56234.13251903491,High-throughput molecular screening,molecular,1859518889.0054102,649830922.3060588,416259998.02874243,127926669.54166748
1.2714285714285716,100000.0,High-throughput molecular screening,molecular,3306744152.896775,1120517840.895112,459721717.7305054,171388389.24343055
1.2714285714285716,177827.94100389228,High-throughput molecular screening,molecular,5880315041.362935,1957530696.7966912,537008799.0010335,248675470.51395917
1.2714285714285716,316227.7660168379,High-throughput molecular screening,molecular,10456843162.597876,3445973424.384348,674446824.2864193,386113495.799345
1.2714285714285716,562341.3251903491,High-throughput molecular screening,molecular,18595188890.054123,6092840479.875648,918850034.8078301,630516706.3207562
1.2714285714285716,1000000.0,High-throughput molecular screening,molecular,33067441528.967747,10799709665.766169,1353467231.8254628,1065133903.3383877
1.2714285714285716,1778279.410038923,High-throughput molecular screening,molecular,58803150413.62941,19169838224.781967,2126338044.5307481,1838004716.0436738
1.2714285714285716,3162277.6601683795,High-throughput molecular screening,molecular,104568431625.97884,34054265500.658524,3500718297.384604,3212384968.897528
1.2714285714285716,5623413.251903491,High-throughput molecular screening,molecular,115736045351.38702,37686353623.74132,3836093659.867009,3547760331.3799343
1.2714285714285716,10000000.0,High-throughput molecular screening,molecular,115736045351.38702,37686353623.74132,3836093659.867009,3547760331.3799343
1.4000000000000001,10.0,No systematic screening,none,383266.64490482403,45176785.79228525,360428177.4057582,72094848.91868357
1.4000000000000001,17.78279410038923,No systematic screening,none,681555.183188948,45273839.737803586,360437140.69166666,72103812.20459203
1.4000000000000001,31.622776601683793,No systematic screening,none,1211995.5490702142,45446428.77078196,360453079.91844416,72119751.43136929
1.4000000000000001,56.23413251903491,No systematic screening,none,2155266.7299703765,45753340.29452583,360481424.31723416,72148095.83015928
1.4000000000000001,100.0,No systematic screening,none,3832666.4490482383,46299114.737903304,360531828.57799244,72198500.0909175
1.4000000000000001,177.82794100389228,No systematic screening,none,6815551.831889478,47269654.19308684,360621461.4370768,72288132.95000194
1.4000000000000001,316.22776601683796,No systematic screening,none,12119955.490702115,48995544.52287021,360780853.7048497,72447525.21777485
1.4000000000000001,562.341325190349,No systematic screening,none,21552667.29970379,52064659.76030929,361064297.69275004,72730969.20567486
1.4000000000000001,1000.0,No systematic screening,none,38326664.49048235,57522404.19408389,361568340.30033106,73235011.81325664
1.4000000000000001,1778.2794100389228,Rapid Antigen Test (RAT),rapid,68155518.31889479,67227798.74591973,362464668.89117616,74131340.40410167
1.4000000000000001,3162.2776601683795,High-throughput molecular screening,molecular,121199554.90702121,84486702.0437535,364058591.5689054,75725263.08183052
1.4000000000000001,5623.413251903491,High-throughput molecular screening,molecular,215526672.99703783,115177854.41814402,366893031.4479047,78559702.96082997
1.4000000000000001,10000.0,High-throughput molecular screening,molecular,383266644.9048246,169755298.7558898,371933457.5237227,83600129.03664792
1.4000000000000001,17782.794100389227,High-throughput molecular screening,molecular,681555183.188948,266809244.27424884,380896743.43217313,92563414.94509833
1.4000000000000001,31622.776601683792,High-throughput molecular screening,molecular,1211995549.0702126,439398277.2525861,396835970.20946205,108502641.72238742
1.4000000000000001,56234.13251903491,High-throughput molecular screening,molecular,2155266729.9703784,746309800.996491,425180368.99945694,136847040.5123818
1.4000000000000001,100000.0,High-throughput molecular screening,molecular,3832666449.048243,1292084244.37395,475584629.7576358,187251301.27056098
1.4000000000000001,177827.94100389228,High-throughput molecular screening,molecular,6815551831.889479,2262623699.5575395,565217488.8421384,276884160.3550639
1.4000000000000001,316227.7660168379,High-throughput molecular screening,molecular,12119955490.702112,3988514029.3409057,724609756.6150308,436276428.12795603
1.4000000000000001,562341.3251903491,High-throughput molecular screening,molecular,21552667299.703785,7057629266.779966,1008053744.5149754,719720416.0278996
1.4000000000000001,1000000.0,High-throughput molecular screening,molecular,38326664490.48244,12515373700.554548,1512096352.0967662,1223763023.609691
1.4000000000000001,1778279.410038923,High-throughput molecular screening,molecular,68155518318.89472,22220768252.39046,2408424942.9417973,2120091614.454721
1.4000000000000001,3162277.6601683795,High-throughput molecular screening,molecular,121199554907.02127,39479671550.2242,4002347620.670716,3714014292.1836386
1.4000000000000001,5623413.251903491,High-throughput molecular screening,molecular,134143325716.68855,43691177745.50067,4391295580.816575,4102962252.3294954
1.4000000000000001,10000000.0,High-throughput molecular screening,molecular,134143325716.68855,43691177745.50067,4391295580.816575,4102962252.3294954
1.5285714285714287,10.0,No systematic screening,none,455341.8408556284,45200338.90147356,360430356.7683635,72097028.2812887
1.5285714285714287,17.78279410038923,No systematic screening,none,809725.0201227834,45315723.74691553,360441016.20731467,72107687.72023986
1.5285714285714287,31.622776601683793,No systematic screening,none,1439917.3310776993,45520910.24179561,360459971.66812414,72126643.18104911
1.5285714285714287,56.23413251903491,No systematic screening,none,2560575.3420136683,45885789.16085892,360493679.7737886,72160351.28671399
1.5285714285714287,100.0,No systematic screening,none,4553418.408556282,46534645.82978641,360553622.20404434,72220293.71696939
1.5285714285714287,177.82794100389228,No systematic screening,none,8097250.201227833,47688494.284206614,360660216.59355515,72326888.10648006
1.5285714285714287,316.22776601683796,No systematic screening,none,14399173.310777,49740359.23300725,360849771.2016475,72516442.71457273
1.5285714285714287,562.341325190349,No systematic screening,none,25605753.42013671,53389148.42364006,361186852.2582967,72853523.77122189
1.5285714285714287,1000.0,No systematic screening,none,45534184.085562825,59877715.11291494,361786276.56085,73452948.07377516
1.5285714285714287,1778.2794100389228,Rapid Antigen Test (RAT),rapid,80972502.01227841,71416199.657117,362852220.45595753,74518891.96888262
1.5285714285714287,3162.2776601683795,High-throughput molecular screening,molecular,143991733.10777,91934849.1451238,364747766.53688365,76414438.04980886
1.5285714285714287,5623.413251903491,High-throughput molecular screening,molecular,256057534.20136717,128422741.05145194,368118577.1033747,79785248.61630014
1.5285714285714287,10000.0,High-throughput molecular screening,molecular,455341840.8556281,193308407.9442009,374112820.1289075,85779491.64183308
1.5285714285714287,17782.794100389227,High-throughput molecular screening,molecular,809725020.1227843,308693253.3862211,384772259.0799825,96438930.5929078
1.5285714285714287,31622.776601683792,High-throughput molecular screening,molecular,1439917331.0776973,513879748.2662886,403727719.88924533,115394391.40217082
1.5285714285714287,56234.13251903491,High-throughput molecular screening,molecular,2560575342.0136685,878758667.3295696,437435825.5541577,149102497.06708288
1.5285714285714287,100000.0,High-throughput molecular screening,molecular,4553418408.556282,1527615336.2570615,497378255.80948734,209044927.32241246
1.5285714285714287,177827.94100389228,High-throughput molecular screening,molecular,8097250201.227841,2681463790.6772637,603972645.3202342,315639316.83315915
1.5285714285714287,316227.7660168379,High-throughput molecular screening,molecular,14399173310.776981,4733328739.4779415,793527253.4128636,505193924.9257889
1.5285714285714287,562341.3251903491,High-throughput molecular screening,molecular,25605753420.136703,8382117930.110748,1130608310.0619843,842274981.57491
1.5285714285714287,1000000.0,High-throughput molecular screening,molecular,45534184085.56282,14870684619.385677,1730032612.615281,1441699284.1282048
1.5285714285714287,1778279.410038923,High-throughput molecular screening,molecular,80972502012.27835,26409169163.58766,2795976507.722749,2507643179.2356725
1.5285714285714287,3162277.6601683795,High-throughput molecular screening,molecular,143991733107.7698,46927818651.59445,4691522588.649045,4403189260.161971
1.5285714285714287,5623413.251903491,High-throughput molecular screening,molecular,159369644299.46994,51934765961.409584,5154072492.631374,4865739164.144298
1.5285714285714287,10000000.0,High-throughput molecular screening,molecular,159369644299.46994,51934765961.409584,5154072492.631374,4865739164.144298
1.6571428571428573,10.0,No systematic screening,none,558255.0687925844,45234063.2207464,360433481.10814196,72100152.62106721
1.6571428571428573,17.78279410038923,No systematic screening,none,992733.4943837147,45375695.00949597,360446572.1564128,72113243.6693377
1.6571428571428573,31.622776601683793,No systematic screening,none,1765357.532718552,45627555.90323647,360469851.69800806,72136523.21093315
1.6571428571428573,56.23413251903491,No systematic screening,none,3139298.951790512,46075434.9447691,360511249.2275023,72177920.7404274
1.6571428571428573,100.0,No systematic screening,none,5582550.687925842,46871889.02251456,360584865.6018283,72251537.11475348
1.6571428571428573,177.82794100389228,No systematic screening,none,9927334.943837151,48288206.910010956,360715776.0845343,72382447.59745927
1.6571428571428573,316.22776601683796,No systematic screening,none,17653575.327185534,50806815.847415484,360948571.5004882,72615243.0134133
1.6571428571428573,562.341325190349,No systematic screening,none,31392989.517905127,55285606.26274202,361362546.79543054,73029218.30835572
1.6571428571428573,1000.0,No systematic screening,none,55825506.87925841,63250147.04019695,362098710.5386913,73765382.05161665
1.6571428571428573,1778.2794100389228,High-throughput molecular screening,molecular,99273349.43837158,77413325.91516033,363407815.3657495,75074486.87867461
1.6571428571428573,3162.2776601683795,High-throughput molecular screening,molecular,176535753.27185518,102599415.28920598,365735769.5252891,77402441.03821461
1.6571428571428573,5623.413251903491,High-throughput molecular screening,molecular,313929895.1790513,147387319.44247165,369875522.47471344,81542193.98763883
1.6571428571428573,10000.0,High-throughput molecular screening,molecular,558255068.7925847,227032727.21702012,377237159.9073224,88903831.42024793
1.6571428571428573,17782.794100389227,High-throughput molecular screening,molecular,992733494.3837157,368664515.96665436,390328208.1779032,101994879.6908284
1.6571428571428573,31622.776601683792,High-throughput molecular screening,molecular,1765357532.7185524,620525409.7071115,413607749.7733019,125274421.28622732
1.6571428571428573,56234.13251903491,High-throughput molecular screening,molecular,3139298951.7905164,1068404451.2397655,455005279.2675449,166671950.78047007
1.6571428571428573,100000.0,High-throughput molecular screening,molecular,5582550687.925846,1864858528.9852536,528621653.5936353,240288325.10656074
1.6571428571428573,177827.94100389228,High-throughput molecular screening,molecular,9927334943.837147,3281176416.4815955,659532136.2994403,371198807.8123657
1.6571428571428573,316227.7660168379,High-throughput molecular screening,molecular,17653575327.18552,5799785353.8861685,892327552.2534298,603994223.7663547
1.6571428571428573,562341.3251903491,High-throughput molecular screening,molecular,31392989517.905125,10278575769.21272,1306302847.1958568,1017969518.7087815
1.6571428571428573,1000000.0,High-throughput molecular screening,molecular,55825506879.25842,18243116546.66759,2042466590.4567626,1754133261.9696894
1.6571428571428573,1778279.410038923,High-throughput molecular screening,molecular,99273349438.37158,32406295421.631,3351571417.514812,3063238089.0277386
1.6571428571428573,3162277.6601683795,High-throughput molecular screening,molecular,176535753271.85513,57592384795.67668,5679525577.054708,5391192248.567635
1.6571428571428573,5623413.251903491,High-throughput molecular screening,molecular,195389274077.40457,63738277706.89632,6247591415.076555,5959258086.589483
1.6571428571428573,10000000.0,High-throughput molecular screening,molecular,195389274077.40457,63738277706.89632,6247591415.076555,5959258086.589483
1.7857142857142858,10.0,No systematic screening,none,712462.4244706117,45284837.418709576,360438194.95676243,72104866.46968737
1.7857142857142858,17.78279410038923,No systematic screening,none,1266957.2598625007,45465985.720295355,360454954.69635576,72121626.20928104
1.7857142857142858,31.622776601683793,No systematic screening,none,2253004.008612816,45788118.0151687,360484758.1961931,72151429.70911814
1.7857142857142858,56.23413251903491,No systematic screening,none,4006470.63925133,46360959.24245059,360537757.1463004,72204428.65922543
1.7857142857142858,100.0,No systematic screening,none,7124624.24470612,47379631.00214743,360632004.08803,72298675.60095511
1.7857142857142858,177.82794100389228,No systematic screening,none,12669572.598625012,49191114.01800444,360799601.48396677,72466272.99689196
1.7857142857142858,316.22776601683796,No systematic screening,none,22530040.08612817,52412436.966738075,361097636.48233783,72764307.99526273
1.7857142857142858,562.341325190349,No systematic screening,none,40064706.392513305,58140849.2395571,361627625.98341125,73294297.4963364
1.7857142857142858,1000.0,Rapid Antigen Test (RAT),rapid,71246242.44706124,68327566.83652544,362570095.4007072,74236766.91363245
1.7857142857142858,1778.2794100389228,High-throughput molecular screening,molecular,126695725.98625006,86442396.99509542,364246069.3600766,75912740.87300149
1.7857142857142858,3162.2776601683795,High-throughput molecular screening,molecular,225300400.86128175,118655626.48243217,367226419.3437838,78893090.85670884
1.7857142857142858,5623.413251903491,High-throughput molecular screening,molecular,400647063.92513305,175939749.21062183,372526314.3545203,84192985.86744536
1.7857142857142858,10000.0,High-throughput molecular screening,molecular,712462424.4706122,277806925.180305,381951008.5274814,93617680.04040623
1.7857142857142858,17782.794100389227,High-throughput molecular screening,molecular,1266957259.8624997,458955226.7660035,398710748.12117136,110377419.63409655
1.7857142857142858,31622.776601683792,High-throughput molecular screening,molecular,2253004008.612816,781087521.6393721,428514247.95824474,140180919.4711699
1.7857142857142858,56234.13251903491,High-throughput molecular screening,molecular,4006470639.251329,1353928748.9212723,481513198.0656107,193179869.57853574
1.7857142857142858,100000.0,High-throughput molecular screening,molecular,7124624244.706115,2372600508.618099,575760139.7952194,287426811.3081451
1.7857142857142858,177827.94100389228,High-throughput molecular screening,molecular,12669572598.624992,4184083524.475087,743357535.7321215,455024207.24504644
1.7857142857142858,316227.7660168379,High-throughput molecular screening,molecular,22530040086.128178,7405406473.20878,1041392534.1028547,753059205.6157811
1.7857142857142858,562341.3251903491,High-throughput molecular screening,molecular,40064706392.51328,13133818746.02778,1571382035.1765168,1283048706.6894398
1.7857142857142858,1000000.0,High-throughput molecular screening,molecular,71246242447.06122,23320536342.99606,2513851452.472607,2225518123.9855323
1.7857142857142858,1778279.410038923,High-throughput molecular screening,molecular,126695725986.25005,41435366501.565926,4189825411.841626,3901492083.3545513
1.7857142857142858,3162277.6601683795,High-throughput molecular screening,molecular,225300400861.2818,73648595988.90294,7170175395.548965,6881842067.061883
1.7857142857142858,5623413.251903491,High-throughput molecular screening,molecular,249361848564.7144,81509246994.0459,7897438432.13201,7609105103.644931
1.7857142857142858,10000000.0,High-throughput molecular screening,molecular,249361848564.7144,81509246994.0459,7897438432.13201,7609105103.644931
1.9142857142857144,10.0,No systematic screening,none,957226.757604231,45366138.10362124,360445772.6645083,72112444.17743365
1.9142857142857144,17.78279410038923,No systematic screening,none,1702216.6337859235,45610561.054295726,360468429.9780163,72135101.49094145
1.9142857142857144,31.622776601683793,No systematic screening,none,3027016.7912872694,46045213.35482106,360508721.0121141,72175392.52503946
1.9142857142857144,56.23413251903491,No systematic screening,none,5382881.633788255,46818146.5913713,360580369.7284599,72247041.24138479
1.9142857142857144,100.0,No systematic screening,none,9572267.57604231,48192637.85126336,360707781.1654927,72374452.6784177
1.9142857142857144,177.82794100389228,No systematic screening,none,17022166.337859225,50636867.3580079,360934354.3005717,72601025.81349663
1.9142857142857144,316.22776601683796,No systematic screening,none,30270167.91287275,54983390.36326129,361337264.6415499,73003936.1544754
1.9142857142857144,562.341325190349,No systematic screening,none,53828816.33788245,62712722.72876394,362053751.80500454,73720423.3179299
1.9142857142857144,1000.0,High-throughput molecular screening,molecular,95722675.76042321,76457635.3276848,363327866.17533267,74994537.68825816
1.9142857142857144,1778.2794100389228,High-throughput molecular screening,molecular,170221663.37859246,100899930.39513023,365593597.52612233,77260269.03904755
1.9142857142857144,3162.2776601683795,High-throughput molecular screening,molecular,302701679.1287275,144365160.44766432,369622700.9359111,81289372.44883609
1.9142857142857144,5623.413251903491,High-throughput molecular screening,molecular,538288163.3788242,221658484.10269096,376787572.5704553,88454244.08338055
1.9142857142857144,10000.0,High-throughput molecular screening,molecular,957226757.6042323,359107610.0918987,389528716.2737381,101195387.78666295
1.9142857142857144,17782.794100389227,High-throughput molecular screening,molecular,1702216633.7859254,603530560.7663531,412186029.78163236,123852701.29455723
1.9142857142857144,31622.776601683792,High-throughput molecular screening,molecular,3027016791.2872744,1038182861.2916951,452477063.8795172,164143735.39244232
1.9142857142857144,56234.13251903491,High-throughput molecular screening,molecular,5382881633.788247,1811116097.8419595,524125780.2249623,235792451.73788732
1.9142857142857144,100000.0,High-throughput molecular screening,molecular,9572267576.04231,3185607357.734041,651537217.2577864,363203888.7707113
1.9142857142857144,177827.94100389228,High-throughput molecular screening,molecular,17022166337.85925,5629836864.478582,878110352.3367277,589777023.849653
1.9142857142857144,316227.7660168379,High-throughput molecular screening,molecular,30270167912.872734,9976359869.732,1281020693.3155775,992687364.8285024
1.9142857142857144,562341.3251903491,High-throughput molecular screening,molecular,53828816337.882545,17705692235.234665,1997507856.7700279,1709174528.282955
1.9142857142857144,1000000.0,High-throughput molecular screening,molecular,95722675760.42317,31450604834.155468,3271622227.0982714,2983288898.611198
1.9142857142857144,1778279.410038923,High-throughput molecular screening,molecular,170221663378.59238,55892899901.60086,5537353577.887698,5249020249.400618
1.9142857142857144,3162277.6601683795,High-throughput molecular screening,molecular,302701679128.7271,99358129954.13504,9566456987.6762,9278123659.189127
1.9142857142857144,5623413.251903491,High-throughput molecular screening,molecular,335029365161.48096,109964486713.10367,10549636143.321836,10261302814.834766
1.9142857142857144,10000000.0,High-throughput molecular screening,molecular,335029365161.48096,109964486713.10367,10549636143.321836,10261302814.834766
2.042857142857143,10.0,No systematic screening,none,1373938.2068158195,45507038.94240886,360459013.4946557,72125685.0075809
2.042857142857143,17.78279410038923,No systematic screening,none,2443246.02384637,45861122.114768974,360491975.8736394,72158647.38656428
2.042857142857143,31.622776601683793,No systematic screening,none,4344774.097865466,46490780.92961815,360550592.19349176,72217263.70641631
2.042857142857143,56.23413251903491,No systematic screening,none,7726222.319504601,47610490.235414006,360654828.3881766,72321499.9011015
2.042857142857143,100.0,No systematic screening,none,13739382.068158194,49601646.23913972,360840189.46696585,72506860.97989091
2.042857142857143,177.82794100389228,No systematic screening,none,24432460.2384637,53142477.96274061,361169813.2567994,72836484.76972468
2.042857142857143,316.22776601683796,No systematic screening,none,43447740.97865471,59439066.11123262,361755976.45532,73422647.96824516
2.042857142857143,562.341325190349,Rapid Antigen Test (RAT),rapid,77262223.19504593,70636159.16919112,362798338.4021714,74465009.91509655
2.042857142857143,1000.0,High-throughput molecular screening,molecular,137393820.68158203,90547719.20644833,364651949.1900656,76318620.70299064
2.042857142857143,1778.2794100389228,High-throughput molecular screening,molecular,244324602.38463727,125956036.44245695,367948187.08840364,79614858.6013286
2.042857142857143,3162.2776601683795,High-throughput molecular screening,molecular,434477409.7865468,188921917.9273774,373809819.073608,85476490.58653301
2.042857142857143,5623.413251903491,High-throughput molecular screening,molecular,772622231.9504606,300892848.506962,384233438.5421221,95900110.05504754
2.042857142857143,10000.0,High-throughput molecular screening,molecular,1373938206.8158205,500008448.8795359,402769546.4210626,114436217.93398786
2.042857142857143,17782.794100389227,High-throughput molecular screening,molecular,2443246023.846372,854091621.2396209,435731925.4044425,147398596.91736755
2.042857142857143,31622.776601683792,High-throughput molecular screening,molecular,4344774097.865462,1483750436.0888245,494348245.2564865,206014916.76941156
2.042857142857143,56234.13251903491,High-throughput molecular screening,molecular,7726222319.50459,2603459741.884673,598584439.9416324,310251111.45455736
2.042857142857143,100000.0,High-throughput molecular screening,molecular,13739382068.158197,4594615745.610404,783945518.7310356,495612190.2439603
2.042857142857143,177827.94100389228,High-throughput molecular screening,molecular,24432460238.46368,8135447469.211263,1113569308.564834,825235980.0777584
2.042857142857143,316227.7660168379,High-throughput molecular screening,molecular,43447740978.65472,14432035617.70327,1699732507.085274,1411399178.5981987
2.042857142857143,562341.3251903491,High-throughput molecular screening,molecular,77262223195.04611,25629128675.661766,2742094453.9367304,2453761125.449655
2.042857142857143,1000000.0,High-throughput molecular screening,molecular,137393820681.58197,45540688712.9191,4595705241.830762,4307371913.343686
2.042857142857143,1778279.410038923,High-throughput molecular screening,molecular,244324602384.63727,80949005948.92763,7891943140.168745,7603609811.681667
2.042857142857143,3162277.6601683795,High-throughput molecular screening,molecular,434477409786.5472,143914887433.848,13753575125.37315,13465241796.886072
2.042857142857143,5623413.251903491,High-throughput molecular screening,molecular,480878372385.53735,159279780288.77637,15183926694.885536,14895593366.398476
2.042857142857143,10000000.0,High-throughput molecular screening,molecular,480878372385.53735,159279780288.77637,15183926694.885536,14895593366.398476
2.1714285714285717,10.0,No systematic screening,none,2146275.3781560026,45778978.52643095,360485075.11437523,72151746.62730038
2.1714285714285717,17.78279410038923,No systematic screening,none,3816677.313248323,46344706.67780994,360538320.71537876,72204992.22830367
2.1714285714285717,31.622776601683793,No systematic screening,none,6787118.680912167,47350729.401086584,360633006.2713181,72299677.78424296
2.1714285714285717,56.23413251903491,No systematic screening,none,12069393.403756639,49139718.89592081,360801383.64587283,72468055.15879802
2.1714285714285717,100.0,No systematic screening,none,21462753.781560056,52321042.079360366,361100805.66416,72767477.17708547
2.1714285714285717,177.82794100389228,No systematic screening,none,38166773.13248319,57978323.59315043,361633261.67419326,73299933.18711853
2.1714285714285717,316.22776601683796,No systematic screening,none,67871186.80912173,68038550.82591711,362580117.2335862,74246788.74651165
2.1714285714285717,562.341325190349,High-throughput molecular screening,molecular,120693934.03756648,85928445.77425896,364263890.9791361,75930562.49206133
2.1714285714285717,1000.0,High-throughput molecular screening,molecular,214627537.81560022,117741677.60865472,367258111.1620116,78924782.67493655
2.1714285714285717,1778.2794100389228,High-throughput molecular screening,molecular,381667731.3248321,174314492.74655524,372582671.2623414,84249342.77526647
2.1714285714285717,3162.2776601683795,High-throughput molecular screening,molecular,678711868.0912162,274916765.07422227,382051226.8562728,93717898.36919792
2.1714285714285717,5623.413251903491,High-throughput molecular screening,molecular,1206939340.375664,453815714.557641,398888964.3117703,110555635.82469526
2.1714285714285717,10000.0,High-throughput molecular screening,molecular,2146275378.156005,771948032.9015969,428831166.14052206,140497837.65344703
2.1714285714285717,17782.794100389227,High-throughput molecular screening,molecular,3816677313.2483234,1337676184.2806032,482076767.1438216,193743438.65674648
2.1714285714285717,31622.776601683792,High-throughput molecular screening,molecular,6787118680.912166,2343698907.557271,576762323.0831366,288428994.59606177
2.1714285714285717,56234.13251903491,High-throughput molecular screening,molecular,12069393403.756638,4132688402.391463,745139697.6381091,456806369.1510342
2.1714285714285717,100000.0,High-throughput molecular screening,molecular,21462753781.56001,7314011585.831025,1044561715.9256301,756228387.4385538
2.1714285714285717,177827.94100389228,High-throughput molecular screening,molecular,38166773132.48321,12971293099.621082,1577017725.95862,1288684397.4715464
2.1714285714285717,316227.7660168379,High-throughput molecular screening,molecular,67871186809.1217,23031520332.3878,2523873285.3517737,2235539956.8646975
2.1714285714285717,562341.3251903491,High-throughput molecular screening,molecular,120693934037.5664,40921415280.729645,4207647030.9014983,3919313702.4144273
2.1714285714285717,1000000.0,High-throughput molecular screening,molecular,214627537815.6004,72734647115.12532,7201867213.776694,6913533885.2896185
2.1714285714285717,1778279.410038923,High-throughput molecular screening,molecular,381667731324.83203,129307462253.02594,12526427314.106625,12238093985.619553
2.1714285714285717,3162277.6601683795,High-throughput molecular screening,molecular,678711868091.2172,229909734580.69278,21994982908.0381,21706649579.55106
2.1714285714285717,5623413.251903491,High-throughput molecular screening,molecular,751196382354.6018,254458634696.4985,24305493596.69632,24017160268.20925
2.1714285714285717,10000000.0,High-throughput molecular screening,molecular,751196382354.6018,254458634696.4985,24305493596.69632,24017160268.20925
2.3000000000000003,10.0,No systematic screening,none,3709487.840911787,46387811.80766933,360546727.63646877,72213399.1493944
2.3000000000000003,17.78279410038923,No systematic screening,none,6596505.849283173,47427382.3659826,360647956.12599534,72314627.6389203
2.3000000000000003,31.622776601683793,No systematic screening,none,11730430.52998158,49276029.28511367,360827968.66462886,72494640.17755373
2.3000000000000003,56.23413251903491,No systematic screening,none,20859983.08235821,52563440.037836544,361148081.25562924,72814752.76855437
2.3000000000000003,100.0,No systematic screening,none,37094878.40911787,58409374.89174409,361717330.88510007,73384002.39802508
2.3000000000000003,177.82794100389228,No systematic screening,none,65965058.49283166,68805080.47487684,362729615.78035945,74396287.29328498
2.3000000000000003,316.22776601683796,High-throughput molecular screening,molecular,117304305.29981586,87291549.66618833,364529741.166694,76196412.6796191
2.3000000000000003,562.341325190349,High-throughput molecular screening,molecular,208599830.8235822,120165657.1934164,367730867.0767006,79397538.58962546
2.3000000000000003,1000.0,High-throughput molecular screening,molecular,370948784.0911793,178625005.73249212,373423363.3714067,85090034.88433205
2.3000000000000003,1778.2794100389228,High-throughput molecular screening,molecular,659650584.9283175,282582061.56381893,383546212.3240063,95212883.83693135
2.3000000000000003,3162.2776601683795,High-throughput molecular screening,molecular,1173043052.9981577,467446753.4769346,401547466.18734795,113214137.70027286
2.3000000000000003,5623.413251903491,High-throughput molecular screening,molecular,2085998308.235822,796187828.7492177,433558725.2874115,145225396.8003366
2.3000000000000003,10000.0,High-throughput molecular screening,molecular,3709487840.9117904,1380781314.1399708,490483688.2344764,202150359.7474014
2.3000000000000003,17782.794100389227,High-throughput molecular screening,molecular,6596505849.2831745,2420351872.4532394,591712177.7604696,303378849.27339524
2.3000000000000003,31622.776601683792,High-throughput molecular screening,molecular,11730430529.981577,4268998791.584392,771724716.3938859,483391387.9068097
2.3000000000000003,56234.13251903491,High-throughput molecular screening,molecular,20859983082.35822,7556409544.307214,1091837307.394524,803503978.9074482
2.3000000000000003,100000.0,High-throughput molecular screening,molecular,37094878409.117935,13402344398.214771,1661086936.865171,1372753608.3780937
2.3000000000000003,177827.94100389228,High-throughput molecular screening,molecular,65965058492.83171,23798049981.347458,2673371832.1251063,2385038503.638032
2.3000000000000003,316227.7660168379,High-throughput molecular screening,molecular,117304305299.81578,42284519172.659004,4473497218.459259,4185163889.9721837
2.3000000000000003,562341.3251903491,High-throughput molecular screening,molecular,208599830823.58197,75158626699.8872,7674623128.465643,7386289799.978577
2.3000000000000003,1000000.0,High-throughput molecular screening,molecular,370948784091.17865,133617975238.96265,13367119423.172087,13078786094.68504
2.3000000000000003,1778279.410038923,High-throughput molecular screening,molecular,659650584928.3165,237575031070.2899,23489968375.77147,23201635047.2844
2.3000000000000003,3162277.6601683795,High-throughput molecular screening,molecular,1173043052998.1604,422439722983.4052,41491222239.11296,41202888910.62592
2.3000000000000003,5623413.251903491,High-throughput molecular screening,molecular,1298320744319.1262,467550283129.9292,45883876329.58022,45595543001.09319
2.3000000000000003,10000000.0,High-throughput molecular screening,molecular,1298320744319.1262,467550283129.9292,45883876329.58022,45595543001.09319
2.428571428571429,10.0,No systematic screening,none,6949674.672000637,47992466.94406348,360739376.3538972,72406047.86682242
2.428571428571429,17.78279410038923,No systematic screening,none,12358463.375687731,50280907.55524551,360990539.3735682,72657210.88649312
2.428571428571429,31.622776601683793,No systematic screening,none,21976800.960705638,54350394.37520747,361437177.4000112,73103848.91293664
2.428571428571429,56.23413251903491,No systematic screening,none,39080892.64694636,61587078.99657055,362231424.6061767,73898096.11910172
2.428571428571429,100.0,No systematic screening,none,69496746.7200064,74455926.25568576,363643818.05938077,75310489.57230599
2.428571428571429,177.82794100389228,High-throughput molecular screening,molecular,123584633.75687726,97340332.36750618,366155448.25608784,77822119.76901291
2.428571428571429,316.22776601683796,High-throughput molecular screening,molecular,219768009.60705605,138035200.5671254,370621828.52052355,82288500.03344862
2.428571428571429,562.341325190349,High-throughput molecular screening,molecular,390808926.469464,210402046.78075603,378564300.5821739,90230972.09509899
2.428571428571429,1000.0,High-throughput molecular screening,molecular,694967467.2000635,339090519.3719088,392688235.11421627,104354906.62714133
2.428571428571429,1778.2794100389228,High-throughput molecular screening,molecular,1235846337.5687711,567934580.4901137,417804537.0812847,129471208.59420998
2.428571428571429,3162.2776601683795,High-throughput molecular screening,molecular,2197680096.0705633,974883262.4863063,462468339.7256431,174135011.23856807
2.428571428571429,5623.413251903491,High-throughput molecular screening,molecular,3908089264.6946387,1698551724.6226132,541893060.3421469,253559731.855072
2.428571428571429,10000.0,High-throughput molecular screening,molecular,6949674672.000635,2985436450.5341387,683132405.66257,394799077.1754949
2.428571428571429,17782.794100389227,High-throughput molecular screening,molecular,12358463375.687729,5273877061.716191,934295425.3332558,645962096.8461812
2.428571428571429,31622.776601683792,High-throughput molecular screening,molecular,21976800960.705593,9343363881.678114,1380933451.7768373,1092600123.289762
2.428571428571429,56234.13251903491,High-throughput molecular screening,molecular,39080892646.9464,16580048503.04118,2175180657.9418793,1886847329.4548035
2.428571428571429,100000.0,High-throughput molecular screening,molecular,69496746720.00635,29448895762.156445,3587574111.146109,3299240782.6590366
2.428571428571429,177827.94100389228,High-throughput molecular screening,molecular,123584633756.87738,52333301873.97689,6099204307.852969,5810870979.365891
2.428571428571429,316227.7660168379,High-throughput molecular screening,molecular,219768009607.05594,93028170073.59619,10565584572.28878,10277251243.801699
2.428571428571429,562341.3251903491,High-throughput molecular screening,molecular,390808926469.46405,165395016287.22675,18508056633.9392,18219723305.45211
2.428571428571429,1000000.0,High-throughput molecular screening,molecular,694967467200.0627,294083488878.3795,32631991165.98152,32343657837.494408
2.428571428571429,1778279.410038923,High-throughput molecular screening,molecular,1235846337568.7717,522927549996.5844,57748293133.05017,57459959804.56303
2.428571428571429,3162277.6601683795,High-throughput molecular screening,molecular,2197680096070.558,929876231992.7771,102412095777.4083,102123762448.92108
2.428571428571429,5623413.251903491,High-throughput molecular screening,molecular,2432386135200.22,1029179580867.8881,113310927429.41315,113022594100.9261
2.428571428571429,10000000.0,High-throughput molecular screening,molecular,2432386135200.22,1029179580867.8881,113310927429.41315,113022594100.9261
2.5571428571428574,10.0,No systematic screening,none,12640648.083586229,52239168.87234802,361568092.3801333,73234763.89305815
2.5571428571428574,17.78279410038923,No systematic screening,none,22478604.216589373,57832730.15488655,362464228.0197923,74130899.53271739
2.5571428571428574,31.622776601683793,No systematic screening,none,39973239.04477497,67779645.01241572,364057807.5764004,75724479.08932538
2.5571428571428574,56.23413251903491,No systematic screening,none,71083587.94588721,85468038.8969701,366891637.2901754,78558308.80310051
2.5571428571428574,100.0,High-throughput molecular screening,molecular,126406480.83586234,116922945.53853153,371930978.32173777,83597649.83466312
2.5571428571428574,177.82794100389228,High-throughput molecular screening,molecular,224786042.1658935,172858558.36391675,380892334.71833044,92559006.23125543
2.5571428571428574,316.22776601683796,High-throughput molecular screening,molecular,399732390.4477499,272327706.9392085,396828130.28441095,108494801.79733603
2.5571428571428574,562.341325190349,High-throughput molecular screening,molecular,710835879.4588718,449211645.78475183,425166427.42216146,136833098.93508664
2.5571428571428574,1000.0,High-throughput molecular screening,molecular,1264064808.3586233,763760712.200366,475559837.7377882,187226509.25071356
2.5571428571428574,1778.2794100389228,High-throughput molecular screening,molecular,2247860421.6589365,1323116840.4542196,565173401.7037109,276840073.2166358
2.5571428571428574,3162.2776601683795,High-throughput molecular screening,molecular,3997323904.4774966,2317808326.2071347,724531357.3645164,436198028.87744164
2.5571428571428574,5623.413251903491,High-throughput molecular screening,molecular,7108358794.588725,4086647714.6625657,1007914328.7420229,719581000.2549478
2.5571428571428574,10000.0,High-throughput molecular screening,molecular,12640648083.58622,7232138378.818709,1511848431.8982928,1223515103.4112184
2.5571428571428574,17782.794100389227,High-throughput molecular screening,molecular,22478604216.58939,12825699661.35724,2407984071.5575156,2119650743.070441
2.5571428571428574,31622.776601683792,High-throughput molecular screening,molecular,39973239044.77498,22772614518.8864,4001563628.1655707,3713230299.678499
2.5571428571428574,56234.13251903491,High-throughput molecular screening,molecular,71083587945.88737,40461008403.44078,6835393341.940639,6547060013.453561
2.5571428571428574,100000.0,High-throughput molecular screening,molecular,126406480835.86232,71915915045.00212,11874734373.503319,11586401045.01625
2.5571428571428574,177827.94100389228,High-throughput molecular screening,molecular,224786042165.89346,127851527870.38737,20836090770.095562,20547757441.608498
2.5571428571428574,316227.7660168379,High-throughput molecular screening,molecular,399732390447.7493,227320676445.679,36771886336.17614,36483553007.68904
2.5571428571428574,562341.3251903491,High-throughput molecular screening,molecular,710835879458.8718,404204615291.2226,65110183473.926765,64821850145.43978
2.5571428571428574,1000000.0,High-throughput molecular screening,molecular,1264064808358.6235,718753681706.8372,115503593789.55365,115215260461.06664
2.5571428571428574,1778279.410038923,High-throughput molecular screening,molecular,2247860421658.937,1278109809960.689,205117157755.47614,204828824426.98917
2.5571428571428574,3162277.6601683795,High-throughput molecular screening,molecular,3997323904477.4966,2272801295713.6074,364475113416.2815,364186780087.79474
2.5571428571428574,5623413.251903491,High-throughput molecular screening,molecular,4424226829255.182,2515525255767.4917,403361536611.9157,403073203283.42834
2.5571428571428574,10000000.0,High-throughput molecular screening,molecular,4424226829255.182,2515525255767.4917,403361536611.9157,403073203283.42834
2.685714285714286,10.0,No systematic screening,none,19904441.977894824,59910869.11776807,365492812.5023749,77159484.01530008
2.685714285714286,17.78279410038923,No systematic screening,none,35395659.33760477,71475156.7413075,369443477.0033405,81110148.51626568
2.685714285714286,31.622776601683793,No systematic screening,none,62943372.20481447,92039691.31401569,376468862.34137934,88135533.85430434
2.685714285714286,56.23413251903491,High-throughput molecular screening,molecular,111930902.79023774,128609179.7216962,388961960.435603,100628631.948528
2.685714285714286,100.0,High-throughput molecular screening,molecular,199044419.7789485,193639947.99273148,411178179.5441572,122844851.05708253
2.685714285714286,177.82794100389228,High-throughput molecular screening,molecular,353956593.37604743,309282824.22812665,450684824.553813,162351496.06673816
2.685714285714286,316.22776601683796,High-throughput molecular screening,molecular,629433722.048145,514928169.9552082,520938677.9342004,232605349.4471257
2.685714285714286,562.341325190349,High-throughput molecular screening,molecular,1119309027.9023778,880623054.0320139,645869658.8764367,357536330.38936234
2.685714285714286,1000.0,High-throughput molecular screening,molecular,1990444197.7894816,1530930736.7423682,868031849.9619814,579698521.4749062
2.685714285714286,1778.2794100389228,High-throughput molecular screening,molecular,3539565933.760478,2687359499.096313,1263098300.0585375,974764971.5714624
2.685714285714286,3162.2776601683795,High-throughput molecular screening,molecular,6294337220.48144,4743812956.36713,1965636833.8624132,1677303505.3753383
2.685714285714286,5623.413251903491,High-throughput molecular screening,molecular,11193090279.023796,8400761797.135181,3214946643.2847786,2926613314.797705
2.685714285714286,10000.0,High-throughput molecular screening,molecular,19904441977.894806,14903838624.23871,5436568554.140218,5148235225.653149
2.685714285714286,17782.794100389227,High-throughput molecular screening,molecular,35395659337.604774,26468126247.7782,9387233055.105791,9098899726.618706
2.685714285714286,31622.776601683792,High-throughput molecular screening,molecular,62943372204.8145,47032660820.486374,16412618393.144533,16124285064.657463
2.685714285714286,56234.13251903491,High-throughput molecular screening,molecular,111930902790.23782,83602149228.16699,28905716487.368195,28617383158.881115
2.685714285714286,100000.0,High-throughput molecular screening,molecular,199044419778.94836,148632917499.2023,51121935595.922646,50833602267.43557
2.685714285714286,177827.94100389228,High-throughput molecular screening,molecular,353956593376.0477,264275793734.5968,90628580605.57822,90340247277.09113
2.685714285714286,316227.7660168379,High-throughput molecular screening,molecular,629433722048.1447,469921139461.6785,160882433985.9658,160594100657.47885
2.685714285714286,562341.3251903491,High-throughput molecular screening,molecular,1119309027902.3794,835616023538.4841,285813414928.20245,285525081599.71545
2.685714285714286,1000000.0,High-throughput molecular screening,molecular,1990444197789.4805,1485923706248.8374,507975606013.7466,507687272685.2597
2.685714285714286,1778279.410038923,High-throughput molecular screening,molecular,3539565933760.477,2642352468602.7817,903042056110.3032,902753722781.8163
2.685714285714286,3162277.6601683795,High-throughput molecular screening,molecular,6294337220481.449,4698805925873.602,1605580589914.1794,1605292256585.6921
2.685714285714286,5623413.251903491,High-throughput molecular screening,molecular,6966554692263.184,5200620341664.493,1777013579396.5916,1776725246068.1052
2.685714285714286,10000000.0,High-throughput molecular screening,molecular,6966554692263.184,5200620341664.493,1777013579396.5916,1776725246068.1052
2.8142857142857145,10.0,No systematic screening,none,27279378.84231591,68190502.85203777,376141637.0994167,87808308.61234179
2.8142857142857145,17.78279410038923,No systematic screening,none,48510357.71394185,86198658.93362315,388380062.5253758,100046734.03830087
2.8142857142857145,31.622776601683793,No systematic screening,none,86264970.29632561,118222192.1062734,410143402.4716553,121810073.98458077
2.8142857142857145,56.23413251903491,No systematic screening,none,153403220.48557505,175168981.78389582,448844701.7918027,160511373.30472785
2.8142857142857145,100.0,High-throughput molecular screening,molecular,272793788.4231589,276436285.33542883,517666425.51457465,229333097.02749914
2.8142857142857145,177.82794100389228,High-throughput molecular screening,molecular,485103577.1394185,456517846.1512814,640050679.7741652,351717351.2870904
2.8142857142857145,316.22776601683796,High-throughput molecular screening,molecular,862649702.9632552,776753177.8777841,857684079.236965,569350750.7498896
2.8142857142857145,562.341325190349,High-throughput molecular screening,molecular,1534032204.8557513,1346221074.654009,1244697072.4384375,956363743.9513617
2.8142857142857145,1000.0,High-throughput molecular screening,molecular,2727937884.2315917,2358894110.1693397,1932914309.6661477,1644580981.1790733
2.8142857142857145,1778.2794100389228,High-throughput molecular screening,molecular,4851035771.394186,4159709718.327865,3156756852.262062,2868423523.7749867
2.8142857142857145,3162.2776601683795,High-throughput molecular screening,molecular,8626497029.632559,7362063035.592896,5333090846.890053,5044757518.402981
2.8142857142857145,5623.413251903491,High-throughput molecular screening,molecular,15340322048.557526,13056742003.355127,9203220778.904776,8914887450.417706
2.8142857142857145,10000.0,High-throughput molecular screening,molecular,27279378842.315926,23183472358.50844,16085393151.181889,15797059822.69482
2.8142857142857145,17782.794100389227,High-throughput molecular screening,molecular,48510357713.94174,41191628440.093735,28323818577.141037,28035485248.65394
2.8142857142857145,31622.776601683792,High-throughput molecular screening,molecular,86264970296.3255,73215161612.74402,50087158523.42097,49798825194.93389
2.8142857142857145,56234.13251903491,High-throughput molecular screening,molecular,153403220485.5754,130161951290.3665,88788457843.56818,88500124515.08109
2.8142857142857145,100000.0,High-throughput molecular screening,molecular,272793788423.15906,231429254841.8996,157610181566.33936,157321848237.8522
2.8142857142857145,177827.94100389228,High-throughput molecular screening,molecular,485103577139.4176,411510815657.7519,279994435825.93066,279706102497.44354
2.8142857142857145,316227.7660168379,High-throughput molecular screening,molecular,862649702963.2548,731746147384.2557,497627835288.72986,497339501960.24316
2.8142857142857145,562341.3251903491,High-throughput molecular screening,molecular,1534032204855.751,1301214044160.4795,884640828490.202,884352495161.7156
2.8142857142857145,1000000.0,High-throughput molecular screening,molecular,2727937884231.5933,2313887079675.8115,1572858065717.9136,1572569732389.4263
2.8142857142857145,1778279.410038923,High-throughput molecular screening,molecular,4851035771394.193,4114702687834.3364,2796700608313.8267,2796412274985.341
2.8142857142857145,3162277.6601683795,High-throughput molecular screening,molecular,8626497029632.555,7317056005099.371,4973034602941.822,4972746269613.335
2.8142857142857145,5623413.251903491,High-throughput molecular screening,molecular,9547782594810.582,8098492148658.894,5504102188361.177,5503813855032.686
2.8142857142857145,10000000.0,High-throughput molecular screening,molecular,9547782594810.582,8098492148658.894,5504102188361.177,5503813855032.686
2.942857142857143,10.0,No systematic screening,none,34250536.022361636,75455147.81293608,387085810.2015741,98752481.71449971
2.942857142857143,17.78279410038923,No systematic screening,none,60907022.99136221,99117227.48883153,407841860.212845,119508531.72577022
2.942857142857143,31.622776601683793,No systematic screening,none,108309704.91230659,141195016.57517678,444751916.5816251,156418588.09455076
2.942857142857143,56.23413251903491,No systematic screening,none,192604918.1529463,216021082.52738515,510388309.84560347,222054981.35852903
2.942857142857143,100.0,High-throughput molecular screening,molecular,342505360.2236165,349082734.94441134,627108156.5361539,338774828.0490793
2.942857142857143,177.82794100389228,High-throughput molecular screening,molecular,609070229.9136208,585703531.7033663,834668656.6488594,546335328.1617838
2.942857142857143,316.22776601683796,High-throughput molecular screening,molecular,1083097049.1230648,1006481422.5668195,1203769220.3366628,915435891.8495879
2.942857142857143,562.341325190349,High-throughput molecular screening,molecular,1926049181.5294633,1754742082.0889006,1860133152.9764466,1571799824.4893706
2.942857142857143,1000.0,High-throughput molecular screening,molecular,3425053602.236168,3085358606.2591653,3027331619.881946,2738998291.3948727
2.942857142857143,1778.2794100389228,High-throughput molecular screening,molecular,6090702299.136222,5451566573.848713,5102936621.008994,4814603292.521919
2.942857142857143,3162.2776601683795,High-throughput molecular screening,molecular,10830970491.230658,9659345482.483255,8793942257.887041,8505608929.39996
2.942857142857143,5623.413251903491,High-throughput molecular screening,molecular,19260491815.29462,17141952077.704079,15357581584.284872,15069248255.797794
2.942857142857143,10000.0,High-throughput molecular screening,molecular,34250536022.36164,30448117319.406715,27029566253.339867,26741232924.852802
2.942857142857143,17782.794100389227,High-throughput molecular screening,molecular,60907022991.36214,54110196995.30217,47785616264.61036,47497282936.12329
2.942857142857143,31622.776601683792,High-throughput molecular screening,molecular,108309704912.30664,96187986081.64754,84695672633.39088,84407339304.90373
2.942857142857143,56234.13251903491,High-throughput molecular screening,molecular,192604918152.9463,171014052033.85593,150332065897.36908,150043732568.88196
2.942857142857143,100000.0,High-throughput molecular screening,molecular,342505360223.6161,304075704450.88226,267051912587.91895,266763579259.43204
2.942857142857143,177827.94100389228,High-throughput molecular screening,molecular,609070229913.6212,540696501209.83655,474612412700.6241,474324079372.13715
2.942857142857143,316227.7660168379,High-throughput molecular screening,molecular,1083097049123.0662,961474392073.2906,843712976388.4287,843424643059.9418
2.942857142857143,562341.3251903491,High-throughput molecular screening,molecular,1926049181529.4644,1709735051595.3738,1500076909028.2126,1499788575699.7249
2.942857142857143,1000000.0,High-throughput molecular screening,molecular,3425053602236.1626,3040351575765.6387,2667275375933.714,2666987042605.2246
2.942857142857143,1778279.410038923,High-throughput molecular screening,molecular,6090702299136.213,5406559543355.175,4742880377060.762,4742592043732.279
2.942857142857143,3162277.6601683795,High-throughput molecular screening,molecular,10830970491230.674,9614338451989.713,8433886013938.808,8433597680610.318
2.942857142857143,5623413.251903491,High-throughput molecular screening,molecular,11987687607826.578,10641117884973.291,9334562774116.467,9334274440787.984
2.942857142857143,10000000.0,High-throughput molecular screening,molecular,11987687607826.578,10641117884973.291,9334562774116.467,9334274440787.984
3.0714285714285716,10.0,No systematic screening,none,40772874.68010771,81878468.41269702,394612794.0676488,106279465.58057378
3.0714285714285716,17.78279410038923,No systematic screening,none,72505563.53173287,110539686.2554653,421226940.6415801,132893612.15450479
3.0714285714285716,31.622776601683793,No systematic screening,none,128935150.74174973,161507339.8119004,468554329.50975925,180221001.0226846
3.0714285714285716,56.23413251903491,No systematic screening,none,229282723.79431808,252142068.70930567,552715650.6649485,264382322.17787355
3.0714285714285716,100.0,No systematic screening,none,407728746.8010773,413315940.94202185,702377995.1968943,414044666.7098193
3.0714285714285716,177.82794100389228,High-throughput molecular screening,molecular,725055635.3173296,699928119.3697045,968519460.9362053,680186132.4491302
3.0714285714285716,316.22776601683796,High-throughput molecular screening,molecular,1289351507.4174976,1209604654.9340546,1441793349.618001,1153460021.1309266
3.0714285714285716,562.341325190349,High-throughput molecular screening,molecular,2292827237.9431834,2115951943.9081116,2283406561.169894,1995073232.6828172
3.0714285714285716,1000.0,High-throughput molecular screening,molecular,4077287468.0107765,3727690666.2352676,3780030006.4893513,3491696678.002279
3.0714285714285716,1778.2794100389228,High-throughput molecular screening,molecular,7250556353.173299,6593812450.51209,6441444663.8824625,6153111335.395388
3.0714285714285716,3162.2776601683795,High-throughput molecular screening,molecular,12893515074.174982,11690577806.155605,11174183550.700436,10885850222.213354
3.0714285714285716,5623.413251903491,High-throughput molecular screening,molecular,22928272379.431812,20754050695.89616,19590315666.21935,19301982337.732243
3.0714285714285716,10000.0,High-throughput molecular screening,molecular,40772874680.10774,36871437919.16777,34556550119.413956,34268216790.92685
3.0714285714285716,17782.794100389227,High-throughput molecular screening,molecular,72505563531.73291,65532655761.93596,61170696693.34503,60882363364.85798
3.0714285714285716,31622.776601683792,High-throughput molecular screening,molecular,128935150741.74963,116500309318.37102,108498085561.52463,108209752233.03758
3.0714285714285716,56234.13251903491,High-throughput molecular screening,molecular,229282723794.31836,207135038215.7766,192659406716.71368,192371073388.22668
3.0714285714285716,100000.0,High-throughput molecular screening,molecular,407728746801.07715,368308910448.493,342321751248.6597,342033417920.1728
3.0714285714285716,177827.94100389228,High-throughput molecular screening,molecular,725055635317.3298,654921088876.1749,608463216987.9702,608174883659.4832
3.0714285714285716,316227.7660168379,High-throughput molecular screening,molecular,1289351507417.4966,1164597624440.5269,1081737105669.767,1081448772341.2805
3.0714285714285716,562341.3251903491,High-throughput molecular screening,molecular,2292827237943.1816,2070944913414.5793,1923350317221.659,1923061983893.1711
3.0714285714285716,1000000.0,High-throughput molecular screening,molecular,4077287468010.776,3682683635741.739,3419973762541.119,3419685429212.6313
3.0714285714285716,1778279.410038923,High-throughput molecular screening,molecular,7250556353173.29,6548805420018.574,6081388419934.229,6081100086605.739
3.0714285714285716,3162277.6601683795,High-throughput molecular screening,molecular,12893515074174.969,11645570775662.072,10814127306752.188,10813838973423.71
3.0714285714285716,5623413.251903491,High-throughput molecular screening,molecular,14270506138037.73,12889280094889.643,11969007127242.393,11968718793913.898
3.0714285714285716,10000000.0,High-throughput molecular screening,molecular,14270506138037.73,12889280094889.643,11969007127242.393,11968718793913.898
3.2,10.0,No systematic screening,none,46889408.30277732,87701497.46358119,400489692.3356193,112156363.84854475
3.2,17.78279410038923,No systematic screening,none,83382469.33373691,120894658.92071113,431677707.82640564,143344379.33933085
3.2,31.622776601683793,No systematic screening,none,148277328.37438637,179921374.4940229,487138713.6136461,198805385.12657088
3.2,56.23413251903491,No systematic screening,none,263678520.02375153,284887367.440267,585763878.2651448,297430549.7780699
3.2,100.0,No systematic screening,none,468894083.0277737,471546231.4508631,761146977.876603,472813649.3895282
3.2,177.82794100389228,High-throughput molecular screening,molecular,833824693.3373706,803477846.0221633,1073027132.7844646,784693804.2973907
3.2,316.22776601683796,High-throughput molecular screening,molecular,1482773283.7438667,1393745001.7552812,1627637190.6568656,1339303862.1697905
3.2,562.341325190349,High-throughput molecular screening,molecular,2636785200.2375193,2443404931.217719,2613888837.171852,2325555508.684774
3.2,1000.0,High-throughput molecular screening,molecular,4688940830.277724,4309993571.323683,4367719833.286431,4079386504.7993627
3.2,1778.2794100389228,High-throughput molecular screening,molecular,8338246933.373702,7629309717.036673,7486521382.365048,7198188053.877984
3.2,3162.2776601683795,High-throughput molecular screening,molecular,14827732837.43866,13531981274.367844,13032621961.08907,12744288632.601984
3.2,5623.413251903491,High-throughput molecular screening,molecular,26367852002.375153,24028580568.992256,22895138426.23892,22606805097.751873
3.2,10000.0,High-throughput molecular screening,molecular,46889408302.77734,42694466970.05194,40433448387.384766,40145115058.89766
3.2,17782.794100389227,High-throughput molecular screening,molecular,83382469333.7371,75887628427.18188,71621463878.17094,71333130549.6839
3.2,31622.776601683792,High-throughput molecular screening,molecular,148277328374.3866,134914344000.49341,127082469665.41101,126794136336.92393
3.2,56234.13251903491,High-throughput molecular screening,molecular,263678520023.75156,239880336946.73755,225707634316.90945,225419300988.42276
3.2,100000.0,High-throughput molecular screening,molecular,468894083027.7733,426539200957.3339,401090733928.3679,400802400599.88153
3.2,177827.94100389228,High-throughput molecular screening,molecular,833824693337.371,758470815528.6329,712970888836.2307,712682555507.7428
3.2,316227.7660168379,High-throughput molecular screening,molecular,1482773283743.8655,1348737971261.751,1267580946708.6306,1267292613380.143
3.2,562341.3251903491,High-throughput molecular screening,molecular,2636785200237.5186,2398397900724.1943,2253832593223.619,2253544259895.132
3.2,1000000.0,High-throughput molecular screening,molecular,4688940830277.731,4264986540830.1587,4007663589338.2036,4007375256009.7124
3.2,1778279.410038923,High-throughput molecular screening,molecular,8338246933373.713,7584302686543.149,7126465138416.818,7126176805088.333
3.2,3162277.6601683795,High-throughput molecular screening,molecular,14827732837438.648,13486974243874.328,12672565717140.824,12672277383812.342
3.2,5623413.251903491,High-throughput molecular screening,molecular,16411292905972.066,14927340262699.098,14025921521032.188,14025633187703.697
3.2,10000000.0,High-throughput molecular screening,molecular,16411292905972.066,14927340262699.098,14025921521032.188,14025633187703.697
