pathogen,prevalence_tier,strategy,strategy_key,wbe_gated,route_targeted,is_stress_test_only,Rt,gamma,infectious_period_days,CFR_pct,hosp_rate_pct,symptomatic_fraction_pct,sensitivity,specificity,cost_per_test,prevalence_frac,final_S,final_I,final_R,true_positives_cum,false_positives_cum,cumulative_infections,cumulative_hosp_cases,cumulative_deaths,screening_cost,hospital_cost,productivity_cost,mortality_cost,icu_cost,total_societal_cost,cost_minimising_primary_strategy,incremental_cost_vs_no_screening,cases_averted_vs_no_screening,deaths_averted_vs_no_screening,follow_up_modality,follow_up_sensitivity,follow_up_specificity,wbe_detection_prob,wbe_false_positive_rate,follow_up_coverage,avg_pax_per_flight,wbe_cost_per_sample,wbe_sampling_cost,followup_testing_cost,wbe_parameter_status
SARS-CoV-2,0.5x,No systematic screening,none,False,False,False,1.6,0.18181818181818182,5.5,0.75,7.5,65.0,0.0,1.0,0.0,0.0075,9959974.767564343,455.1593896665297,50520.07304599359,0.0,0.0,50945.23243565671,2483.5800812382677,382.0892432674262,0.0,41897483.878800124,8903215.32424502,1327069625.1203647,7763357.306954137,1385633681.6303642,High-throughput molecular screening,0.0,0.0,0.0,,,,,,,,,,,
SARS-CoV-2,0.5x,Rapid Antigen Test (RAT),rapid,False,False,False,1.6,0.18181818181818182,5.5,0.75,7.5,65.0,0.675,0.994,12.5,0.0075,9986938.834509917,148.62019667879875,16471.29529341082,18478.125,21735.749999999854,16610.165490083396,809.7455676415661,124.57624117562534,45052082.57610544,13660143.938257046,2902780.586879621,432674242.38823247,2531144.317971157,496820393.8074452,High-throughput molecular screening,-888813287.8229189,34335.066945573315,257.51300209180084,,,,,,,,,,,
SARS-CoV-2,0.5x,Laboratory PCR,lab,False,False,False,1.6,0.18181818181818182,5.5,0.75,7.5,65.0,0.97,0.984,100.0,0.0075,9998792.199537981,13.747107969997879,1522.5533540489896,26553.75,57962.00000000036,1535.4004620183414,74.85077252339343,11.51550346513744,360416660.6088435,1262704.1775689838,268324.63773340906,39995154.94562393,233971.65643190008,402176816.02620184,High-throughput molecular screening,-983456865.6041623,49409.83197363837,370.57373980228874,,,,,,,,,,,
SARS-CoV-2,0.5x,High-throughput molecular screening,molecular,False,False,False,1.6,0.18181818181818182,5.5,0.75,7.5,65.0,0.97,0.984,20.0,0.0075,9998792.199537981,13.747107969997879,1522.5533540489896,26553.75,57962.00000000036,1535.4004620183414,74.85077252339343,11.51550346513744,72083332.12176865,1262704.1775689838,268324.63773340906,39995154.94562393,233971.65643190008,113843487.53912695,High-throughput molecular screening,-1271790194.0912373,49409.83197363837,370.57373980228874,,,,,,,,,,,
SARS-CoV-2,0.5x,WBE-gated RAT follow-up,wbe_gated_rat,True,False,False,1.6,0.18181818181818182,5.5,0.75,7.5,65.0,,,12.5,0.0075,9978601.98207179,243.43669524245195,26992.184545083262,5112.396687886495,6798.21590823018,27219.62780659038,1326.956855571267,204.14720854942573,14799422.817055145,22385379.152351107,4756893.069874606,709039158.6717545,4147879.078229763,755128732.7892643,High-throughput molecular screening,-630504948.8410999,23725.604629066333,177.94203471800046,rapid,0.675,0.994,0.5,0.02,1.0,250,50,720833.3212176873,14078589.495837463,placeholder_not_for_inference
SARS-CoV-2,0.5x,WBE-gated Laboratory PCR follow-up,wbe_gated_pcr,True,False,False,1.6,0.18181818181818182,5.5,0.75,7.5,65.0,,,100.0,0.0075,9986775.66658344,150.47628065896268,16677.153747393968,7346.703388518388,18128.575755280366,16817.75798253093,819.8657016483797,126.13318486898147,113349549.28791745,13830867.89919451,2939059.428578832,438081788.6622696,2562778.4636742747,570764043.7416348,High-throughput molecular screening,-814869637.8887293,34127.47445312578,255.95605839844472,lab,0.97,0.984,0.5,0.02,1.0,250,50,720833.3212176873,112628715.9666997,placeholder_not_for_inference
SARS-CoV-2,0.5x,WBE-gated Sentinel RT-LAMP follow-up,wbe_gated_lamp,True,False,False,1.6,0.18181818181818182,5.5,0.75,7.5,65.0,,,20.0,0.0075,9986775.66658344,150.47628065896268,16677.153747393968,7346.703388518388,18128.575755280366,16817.75798253093,819.8657016483797,126.13318486898147,23246576.514557652,13830867.89919451,2939059.428578832,438081788.6622696,2562778.4636742747,480661070.9682749,High-throughput molecular screening,-904972610.6620893,34127.47445312578,255.95605839844472,molecular,0.97,0.984,0.5,0.02,1.0,250,50,720833.3212176873,22525743.193339966,placeholder_not_for_inference
SARS-CoV-2,0.5x,High-throughput molecular (route-targeted),molecular_route_targeted,False,True,False,1.6,0.18181818181818182,5.5,0.75,7.5,65.0,0.97,0.984,20.0,0.0075,9996981.32220192,34.356935088034454,3805.570862995529,2655.375000000018,5796.200000000033,3837.6777980793267,187.08679265636698,28.78258348559496,7208333.212176865,3156084.8400244564,670668.0285051963,99966488.14557105,584803.9556515903,111586378.18192904,High-throughput molecular screening,-1274047303.448435,47107.554637577385,353.30665978183123,,,,,,,,,,,
SARS-CoV-2,1x,No systematic screening,none,False,False,False,1.6,0.18181818181818182,5.5,0.75,7.5,65.0,0.0,1.0,0.0,0.015,9920425.631877048,904.1293273667359,100570.23879559546,0.0,0.0,101414.36812295206,4943.95044599391,760.6077609221403,0.0,83404277.99868423,17723409.074720412,2641764461.496785,15454322.0997562,2758346470.6699457,High-throughput molecular screening,0.0,0.0,0.0,,,,,,,,,,,
SARS-CoV-2,1x,Rapid Antigen Test (RAT),rapid,False,False,False,1.6,0.18181818181818182,5.5,0.75,7.5,65.0,0.675,0.994,12.5,0.015,9973928.823882056,296.5697101633227,32892.10640777322,36956.25,21571.49999999995,33169.1761179436,1616.9973357497506,248.76882088457717,45052082.57610544,27278311.8932306,5796641.277311495,864018928.7448604,5054510.733157436,947200475.2246656,High-throughput molecular screening,-1811145995.44528,68245.19200500846,511.83894003756313,,,,,,,,,,,
SARS-CoV-2,1x,Laboratory PCR,lab,False,False,False,1.6,0.18181818181818182,5.5,0.75,7.5,65.0,0.97,0.984,100.0,0.015,9997584.838256055,27.488436248569563,3044.6733076868954,53107.5,57523.99999999966,3070.3617439437967,149.68013501725864,23.027713079578238,360416660.6088435,2525047.9869418875,536572.6972251504,79978895.51399644,467876.53875687916,443925053.345764,High-throughput molecular screening,-2314421417.3241816,98344.00637900826,737.5800478425621,,,,,,,,,,,
SARS-CoV-2,1x,High-throughput molecular screening,molecular,False,False,False,1.6,0.18181818181818182,5.5,0.75,7.5,65.0,0.97,0.984,20.0,0.015,9997584.838256055,27.488436248569563,3044.6733076868954,53107.5,57523.99999999966,3070.3617439437967,149.68013501725864,23.027713079578238,72083332.12176865,2525047.9869418875,536572.6972251504,79978895.51399644,467876.53875687916,155591724.85868904,High-throughput molecular screening,-2602754745.811257,98344.00637900826,737.5800478425621,,,,,,,,,,,
SARS-CoV-2,1x,WBE-gated RAT follow-up,wbe_gated_rat,True,False,False,1.6,0.18181818181818182,5.5,0.75,7.5,65.0,,,12.5,0.015,9962850.995720925,422.4786248564358,46885.2490267117,11741.276627502255,10886.764830400389,47279.89553274496,2304.8949072213222,354.5992164955878,23331489.689894654,38883072.6063953,8262652.928859014,1231590535.0441978,7204804.630008549,1309272554.8993535,High-throughput molecular screening,-1449073915.7705922,54134.4725902071,406.0085444265525,rapid,0.675,0.994,0.5,0.02,1.0,250,50,720833.3212176873,22610656.368676946,placeholder_not_for_inference
SARS-CoV-2,1x,WBE-gated Laboratory PCR follow-up,wbe_gated_pcr,True,False,False,1.6,0.18181818181818182,5.5,0.75,7.5,65.0,,,100.0,0.015,9981563.77717863,209.75579312567365,23253.817652430836,16872.649375818022,29031.37288106787,23449.7998821984,1143.1777442571706,175.87349911648772,181606084.27063337,19285063.526394702,4098075.9993588743,610839116.2206464,3573408.8298907815,819401748.8469234,High-throughput molecular screening,-1938944721.8230224,77964.56824075367,584.7342618056525,lab,0.97,0.984,0.5,0.02,1.0,250,50,720833.3212176873,180885250.94941556,placeholder_not_for_inference
SARS-CoV-2,1x,WBE-gated Sentinel RT-LAMP follow-up,wbe_gated_lamp,True,False,False,1.6,0.18181818181818182,5.5,0.75,7.5,65.0,,,20.0,0.015,9981563.77717863,209.75579312567365,23253.817652430836,16872.649375818022,29031.37288106787,23449.7998821984,1143.1777442571706,175.87349911648772,36897883.51110081,19285063.526394702,4098075.9993588743,610839116.2206464,3573408.8298907815,674693548.0873915,High-throughput molecular screening,-2083652922.5825543,77964.56824075367,584.7342618056525,molecular,0.97,0.984,0.5,0.02,1.0,250,50,720833.3212176873,36177050.189883165,placeholder_not_for_inference
SARS-CoV-2,1x,High-throughput molecular (route-targeted),molecular_route_targeted,False,True,False,1.6,0.18181818181818182,5.5,0.75,7.5,65.0,0.97,0.984,20.0,0.015,9993965.38611022,68.67780956943082,7608.436080195915,5310.750000000036,5752.400000000051,7672.6138897798955,374.03992712676956,57.54460417334918,7208333.212176865,6309919.971251757,1340857.9938909984,199861718.5464357,1169191.0534966493,215890020.77725187,High-throughput molecular screening,-2542456449.892694,93741.75423317216,703.0631567487911,,,,,,,,,,,
SARS-CoV-2,2x,No systematic screening,none,False,False,False,1.6,0.18181818181818182,5.5,0.75,7.5,65.0,0.0,1.0,0.0,0.03,9842708.868419334,1784.401728593635,199306.72985208099,0.0,0.0,200971.1315806657,9797.342664557445,1507.283486854993,0.0,165284071.37488508,35122865.167163074,5235242079.747481,30626166.16652274,5466275182.456056,High-throughput molecular screening,0.0,0.0,0.0,,,,,,,,,,,
SARS-CoV-2,2x,Rapid Antigen Test (RAT),rapid,False,False,False,1.6,0.18181818181818182,5.5,0.75,7.5,65.0,0.675,0.994,12.5,0.03,9948060.583330283,590.4896409094451,65583.92702880526,73912.5,21243.00000000016,66135.41666971706,3224.1015626487074,496.0156250228781,45052082.57610544,54390097.34817771,11557895.686487775,1722763264.421918,10078165.096868223,1843841505.1295571,High-throughput molecular screening,-3622433677.3264985,134835.71491094865,1011.2678618321149,,,,,,,,,,,
SARS-CoV-2,2x,Laboratory PCR,lab,False,False,False,1.6,0.18181818181818182,5.5,0.75,7.5,65.0,0.97,0.984,100.0,0.03,9995171.43187984,54.953780395970675,6087.614339760536,106215.0,56647.999999999665,6138.968120159643,299.27469585777953,46.04226090119686,360416660.6088435,5048655.607570587,1072839.316608748,159912168.56558427,935486.186108668,527385810.284716,High-throughput molecular screening,-4938889372.17134,194832.16346050607,1461.2412259537962,,,,,,,,,,,
SARS-CoV-2,2x,High-throughput molecular screening,molecular,False,False,False,1.6,0.18181818181818182,5.5,0.75,7.5,65.0,0.97,0.984,20.0,0.03,9995171.43187984,54.953780395970675,6087.614339760536,106215.0,56647.999999999665,6138.968120159643,299.27469585777953,46.04226090119686,72083332.12176865,5048655.607570587,1072839.316608748,159912168.56558427,935486.186108668,239052481.7976411,High-throughput molecular screening,-5227222700.658415,194832.16346050607,1461.2412259537962,,,,,,,,,,,
SARS-CoV-2,2x,WBE-gated RAT follow-up,wbe_gated_rat,True,False,False,1.6,0.18181818181818182,5.5,0.75,7.5,65.0,,,12.5,0.03,9937052.260875776,715.469905041554,79512.979623665,26519.28959551375,15583.623929846872,80181.10511664188,3908.8288744362853,601.3582883748139,33263970.546378635,65941529.768325925,14012575.075769246,2088645739.2682393,12218577.574719205,2214082392.2334347,High-throughput molecular screening,-3252192790.222621,120790.02646402383,905.9251984801791,rapid,0.675,0.994,0.5,0.02,1.0,250,50,720833.3212176873,32543137.225160915,placeholder_not_for_inference
SARS-CoV-2,2x,WBE-gated Laboratory PCR follow-up,wbe_gated_pcr,True,False,False,1.6,0.18181818181818182,5.5,0.75,7.5,65.0,,,100.0,0.03,9979138.415545635,237.33682287151447,26315.04628681779,38109.20134466416,41556.33047959158,26536.791880508023,1293.668604174753,199.02593910380847,261065931.12250528,21823812.87389095,4637560.2357018255,691251991.480709,4043824.150162147,982823119.8629695,High-throughput molecular screening,-4483452062.593086,174434.3397001577,1308.2575477511846,lab,0.97,0.984,0.5,0.02,1.0,250,50,720833.3212176873,260345097.80128732,placeholder_not_for_inference
SARS-CoV-2,2x,WBE-gated Sentinel RT-LAMP follow-up,wbe_gated_lamp,True,False,False,1.6,0.18181818181818182,5.5,0.75,7.5,65.0,,,20.0,0.03,9979138.415545635,237.33682287151447,26315.04628681779,38109.20134466416,41556.33047959158,26536.791880508023,1293.668604174753,199.02593910380847,52789852.88147521,21823812.87389095,4637560.2357018255,691251991.480709,4043824.150162147,774547041.6219388,High-throughput molecular screening,-4691728140.834117,174434.3397001577,1308.2575477511846,molecular,0.97,0.984,0.5,0.02,1.0,250,50,720833.3212176873,52069019.56025749,placeholder_not_for_inference
SARS-CoV-2,2x,High-throughput molecular (route-targeted),molecular_route_targeted,False,True,False,1.6,0.18181818181818182,5.5,0.75,7.5,65.0,0.97,0.984,20.0,0.03,9987941.71797856,137.21179153626758,15206.07022990186,10621.500000000073,5664.800000000041,15334.282021440566,747.5462485452282,115.00711516080423,7208333.212176865,12610858.34069925,2679807.3973985915,399438951.9678496,2336717.8690119167,424274668.7871365,High-throughput molecular screening,-5042000513.66892,185636.84955922514,1392.2763716941888,,,,,,,,,,,
Influenza A/B,0.5x,No systematic screening,none,False,False,False,1.25,0.25,4.0,0.055,2.0,60.0,0.0,1.0,0.0,0.02,9951012.799529064,605.072183723508,76122.1282872061,0.0,0.0,76651.20047093555,919.8144056512267,42.158160259014544,0.0,9114543.281375678,1936840.4472923325,146212465.13873476,2324208.536750792,159588057.40415356,High-throughput molecular screening,0.0,0.0,0.0,,,,,,,,,,,
Influenza A/B,0.5x,Rapid Antigen Test (RAT),rapid,False,False,False,1.25,0.25,4.0,0.055,2.0,60.0,0.675,0.994,12.5,0.02,9984018.572777022,197.28858484654108,24799.638638140474,49275.0,21461.999999999854,24972.227222979305,299.6667266757488,13.734724972638489,45052082.57610544,2969422.8778715758,631002.3615477104,47634491.99918994,757202.833857253,97044202.64857186,High-throughput molecular screening,-62543854.75558169,51678.97324795625,28.423435286376055,,,,,,,,,,,
Influenza A/B,0.5x,Laboratory PCR,lab,False,False,False,1.25,0.25,4.0,0.055,2.0,60.0,0.97,0.984,100.0,0.02,9998522.330012146,18.237338373708244,2291.6326494846658,70810.0,57232.00000000035,2307.5899878542905,27.691079854251438,1.2691744933198597,360416660.6088435,274392.9146556527,58308.49436432617,4401719.672601096,69970.19323719146,365221051.88370144,High-throughput molecular screening,205632994.4795479,74343.61048308127,40.888985765694684,,,,,,,,,,,
Influenza A/B,0.5x,High-throughput molecular screening,molecular,False,False,False,1.25,0.25,4.0,0.055,2.0,60.0,0.97,0.984,20.0,0.02,9998522.330012146,18.237338373708244,2291.6326494846658,70810.0,57232.00000000035,2307.5899878542905,27.691079854251438,1.2691744933198597,72083332.12176865,274392.9146556527,58308.49436432617,4401719.672601096,69970.19323719146,76887723.39662693,High-throughput molecular screening,-82700334.00752662,74343.61048308127,40.888985765694684,,,,,,,,,,,
Influenza A/B,0.5x,High-throughput molecular (route-targeted),molecular_route_targeted,False,True,False,1.25,0.25,4.0,0.055,2.0,60.0,0.97,0.984,20.0,0.02,9996306.765366009,45.58337262569435,5728.151261365721,7080.999999999957,5723.200000000015,5768.0346339921825,69.21641560790684,3.172419048695732,7208333.212176865,685870.5996149576,145747.50241817854,11002507.535489952,174897.00290181424,19217355.852601778,High-throughput molecular screening,-140370701.5515518,70883.16583694337,38.985741210318814,,,,,,,,,,,
Influenza A/B,1x,No systematic screening,none,False,False,False,1.25,0.25,4.0,0.055,2.0,60.0,0.0,1.0,0.0,0.04,9902571.385803243,1204.4079477669775,151704.20624900534,0.0,0.0,152756.61419675685,1833.0793703610823,84.01613780821629,0.0,18164257.942045584,3859904.8126846813,291384971.1536471,4631885.775221619,318041019.6835992,High-throughput molecular screening,0.0,0.0,0.0,,,,,,,,,,,
Influenza A/B,1x,Rapid Antigen Test (RAT),rapid,False,False,False,1.25,0.25,4.0,0.055,2.0,60.0,0.675,0.994,12.5,0.04,9968095.635387981,393.9585243849872,49541.406087644835,98550.0,21023.99999999996,49885.96461201879,598.6315753442193,27.437280536610086,45052082.57610544,5931898.592782258,1260528.450966229,95157539.92588198,1512634.1411594762,148914683.68689555,High-throughput molecular screening,-169126335.99670362,102870.64958473807,56.578857271606196,,,,,,,,,,,
Influenza A/B,1x,Laboratory PCR,lab,False,False,False,1.25,0.25,4.0,0.055,2.0,60.0,0.97,0.984,100.0,0.04,9997045.161591029,36.46935681913212,4582.7690521477025,141620.0,56063.99999999966,4614.678408970691,55.376140907648235,2.538073124933876,360416660.6088435,548726.256455028,116604.32949669348,8802483.697299408,139925.19539603198,370024400.087491,High-throughput molecular screening,51983380.4038918,148141.93578778618,81.47806468328241,,,,,,,,,,,
Influenza A/B,1x,High-throughput molecular screening,molecular,False,False,False,1.25,0.25,4.0,0.055,2.0,60.0,0.97,0.984,20.0,0.04,9997045.161591029,36.46935681913212,4582.7690521477025,141620.0,56063.99999999966,4614.678408970691,55.376140907648235,2.538073124933876,72083332.12176865,548726.256455028,116604.32949669348,8802483.697299408,139925.19539603198,81691071.60041587,High-throughput molecular screening,-236349948.0831833,148141.93578778618,81.47806468328241,,,,,,,,,,,
Influenza A/B,1x,High-throughput molecular (route-targeted),molecular_route_targeted,False,True,False,1.25,0.25,4.0,0.055,2.0,60.0,0.97,0.984,20.0,0.04,9992616.662466211,91.13354236652316,11453.203991417957,14161.999999999915,5606.399999999994,11532.937533788268,138.39525040546053,6.343115643583612,7208333.212176865,1371369.2311069425,291415.96161022503,21999048.082340542,349699.15393227054,31219865.641166832,High-throughput molecular screening,-286821154.04243237,141223.6766629686,77.67302216463267,,,,,,,,,,,
Influenza A/B,2x,No systematic screening,none,False,False,False,1.25,0.25,4.0,0.055,2.0,60.0,0.0,1.0,0.0,0.08,9807280.223263286,2386.554893407714,301293.22184331587,0.0,0.0,303375.77673671395,3640.5093208405697,166.8566772051929,0.0,36074614.980740465,7665855.6834073495,578696948.6493782,9199026.82008881,631636446.1336154,High-throughput molecular screening,0.0,0.0,0.0,,,,,,,,,,,
Influenza A/B,2x,Rapid Antigen Test (RAT),rapid,False,False,False,1.25,0.25,4.0,0.055,2.0,60.0,0.675,0.994,12.5,0.08,9936423.599200439,785.4672173399458,98852.93358220818,197100.0,20148.000000000156,99539.6007995615,1194.4752095947256,54.746780439758254,45052082.57610544,11836201.732622672,2515192.8681823197,189872402.79415542,3018231.4418187803,252294111.4128847,High-throughput molecular screening,-379342334.72073066,203836.17593715247,112.10989676543466,,,,,,,,,,,
Influenza A/B,2x,Laboratory PCR,lab,False,False,False,1.25,0.25,4.0,0.055,2.0,60.0,0.97,0.984,100.0,0.08,9994092.32814393,72.91745384414072,9163.55440221581,283240.0,53727.99999999971,9227.35185607077,110.72822227284918,5.075043520838923,360416660.6088435,1097214.3760796625,233158.05491692811,17601147.282944582,279789.66590031364,379627969.98868495,High-throughput molecular screening,-252008476.14493042,294148.4248806432,161.78163368435398,,,,,,,,,,,
Influenza A/B,2x,High-throughput molecular screening,molecular,False,False,False,1.25,0.25,4.0,0.055,2.0,60.0,0.97,0.984,20.0,0.08,9994092.32814393,72.91745384414072,9163.55440221581,283240.0,53727.99999999971,9227.35185607077,110.72822227284918,5.075043520838923,72083332.12176865,1097214.3760796625,233158.05491692811,17601147.282944582,279789.66590031364,91294641.50161019,High-throughput molecular screening,-540341804.6320052,294148.4248806432,161.78163368435398,,,,,,,,,,,
Influenza A/B,2x,High-throughput molecular (route-targeted),molecular_route_targeted,False,True,False,1.25,0.25,4.0,0.055,2.0,60.0,0.97,0.984,20.0,0.08,9985245.831530575,182.13458333372307,22894.033886100664,28323.99999999983,5372.799999999997,23053.368469424317,276.6404216330948,12.6793526581835,7208333.212176865,2741252.9989700573,582516.2622811372,43974266.85847803,699019.5147373648,55205388.84664342,High-throughput molecular screening,-576431057.2869719,280322.40826728963,154.17732454700942,,,,,,,,,,,
Mpox,0.5x,No systematic screening,none,False,False,False,1.5,0.09523809523809523,10.5,5.5,12.5,90.0,0.0,1.0,0.0,0.002,9992686.557647778,293.69819251979504,11107.74415968532,0.0,0.0,11390.242352223071,1281.4022646250887,563.8169964350398,0.0,35471656.12259517,7537726.926051476,1950941086.7427335,1330187.1045973192,1995280656.8959792,High-throughput molecular screening,0.0,0.0,0.0,,,,,,,,,,,
Mpox,0.5x,Rapid Antigen Test (RAT),rapid,False,False,False,1.5,0.09523809523809523,10.5,5.5,12.5,90.0,0.675,0.994,12.5,0.002,9997621.746885741,95.51830551198896,3611.334808752523,4927.5,21856.199999999997,3703.2131142582616,416.61147535405627,183.30904915578472,45052082.57610544,11532579.64665114,2450673.1749133663,634291880.5658131,432471.7367494175,693759687.700232,High-throughput molecular screening,-1301520969.1957471,7687.029237964809,380.50794727925506,,,,,,,,,,,
Mpox,0.5x,Laboratory PCR,lab,False,False,False,1.5,0.09523809523809523,10.5,5.5,12.5,90.0,0.97,0.984,100.0,0.002,9999780.413031835,8.819757402134986,333.40721077343915,7080.999999999957,58283.2000000001,341.8909681656987,38.462733918640744,16.923602924201944,360416660.6088435,1064719.1353468169,226252.81626119834,58559552.444074854,39926.96757550561,420307111.972102,High-throughput molecular screening,-1574973544.9238772,11048.351384057372,546.8933935108378,,,,,,,,,,,
Mpox,0.5x,High-throughput molecular screening,molecular,False,False,False,1.5,0.09523809523809523,10.5,5.5,12.5,90.0,0.97,0.984,20.0,0.002,9999780.413031835,8.819757402134986,333.40721077343915,7080.999999999957,58283.2000000001,341.8909681656987,38.462733918640744,16.923602924201944,72083332.12176865,1064719.1353468169,226252.81626119834,58559552.444074854,39926.96757550561,131973783.4850271,High-throughput molecular screening,-1863306873.410952,11048.351384057372,546.8933935108378,,,,,,,,,,,
Mpox,0.5x,WBE-gated RAT follow-up,wbe_gated_rat,True,False,False,1.5,0.09523809523809523,10.5,5.5,12.5,90.0,,,12.5,0.002,9995602.906796245,176.593248364527,6677.5006694980575,1630.9992858669825,3169.83902246847,6847.3624090817875,770.3282710216967,338.9444392495469,7271564.106096287,21324132.65534408,4531378.189260615,1172827296.043925,799654.9745754026,1206754025.9691987,High-throughput molecular screening,-788526630.9267805,4542.879943141284,224.87255718549284,rapid,0.675,0.994,0.5,0.02,1.0,250,50,720833.3212176873,6550730.7848785985,placeholder_not_for_inference
Mpox,0.5x,WBE-gated Laboratory PCR follow-up,wbe_gated_pcr,True,False,False,1.5,0.09523809523809523,10.5,5.5,12.5,90.0,,,100.0,0.002,9996878.089718822,125.38383273125099,4740.720067263904,2343.806381171823,8452.904059915934,4861.325287351153,546.8990948270023,240.6356017238809,53126679.60024657,15139186.919728298,3217077.2204422588,832655280.5850556,567719.5094898111,904705943.8349627,High-throughput molecular screening,-1090574713.0610166,6528.917064871918,323.1813947111589,lab,0.97,0.984,0.5,0.02,1.0,250,50,720833.3212176873,52405846.27902879,placeholder_not_for_inference
Mpox,0.5x,WBE-gated Sentinel RT-LAMP follow-up,wbe_gated_lamp,True,False,False,1.5,0.09523809523809523,10.5,5.5,12.5,90.0,,,20.0,0.002,9996878.089718822,125.38383273125099,4740.720067263904,2343.806381171823,8452.904059915934,4861.325287351153,546.8990948270023,240.6356017238809,11202002.577023461,15139186.919728298,3217077.2204422588,832655280.5850556,567719.5094898111,862781266.8117392,High-throughput molecular screening,-1132499390.08424,6528.917064871918,323.1813947111589,molecular,0.97,0.984,0.5,0.02,1.0,250,50,720833.3212176873,10481169.255805768,placeholder_not_for_inference
Mpox,0.5x,High-throughput molecular (route-targeted),molecular_route_targeted,False,True,False,1.5,0.09523809523809523,10.5,5.5,12.5,90.0,0.97,0.984,20.0,0.002,9999451.05390805,22.04836985342102,833.4977220948462,708.100000000005,5828.319999999968,854.7060919500911,96.15443534438498,42.30795155152937,7208333.212176865,2661731.7216106365,565617.9908422598,146395244.68858498,99814.93956039893,156930742.5527751,High-throughput molecular screening,-1838349914.343204,10535.53626027298,521.5090448835103,,,,,,,,,,,
Mpox,1x,No systematic screening,none,False,False,False,1.5,0.09523809523809523,10.5,5.5,12.5,90.0,0.0,1.0,0.0,0.004,9985385.711164074,586.7928938338598,22203.49594207037,0.0,0.0,22767.888835925703,2561.3874940416254,1127.0104973783184,0.0,70904265.52500086,15067156.42406268,3899734603.8750486,2658909.957187533,3988364935.781302,High-throughput molecular screening,0.0,0.0,0.0,,,,,,,,,,,
Mpox,1x,Rapid Antigen Test (RAT),rapid,False,False,False,1.5,0.09523809523809523,10.5,5.5,12.5,90.0,0.675,0.994,12.5,0.004,9995244.827401543,190.97263723837017,7221.399961236794,9855.0,21812.399999999907,7405.092598457609,833.0729173264842,366.5520836236525,45052082.57610544,23061025.11996947,4900467.837993514,1268356381.5983212,864788.4419988558,1342234745.5743885,High-throughput molecular screening,-2646130190.2069135,15362.796237468094,760.4584137546659,,,,,,,,,,,
Mpox,1x,Laboratory PCR,lab,False,False,False,1.5,0.09523809523809523,10.5,5.5,12.5,90.0,0.97,0.984,100.0,0.004,9999560.837439029,17.638968841983313,666.8035921118795,14161.999999999915,58166.4000000002,683.7705609712066,76.92418810926006,33.84664276807442,360416660.6088435,2129403.0078704283,452498.139172466,117117165.43287364,79852.61279514105,480195579.8015549,High-throughput molecular screening,-3508169355.979747,22084.118274954497,1093.163854610244,,,,,,,,,,,
Mpox,1x,High-throughput molecular screening,molecular,False,False,False,1.5,0.09523809523809523,10.5,5.5,12.5,90.0,0.97,0.984,20.0,0.004,9999560.837439029,17.638968841983313,666.8035921118795,14161.999999999915,58166.4000000002,683.7705609712066,76.92418810926006,33.84664276807442,72083332.12176865,2129403.0078704283,452498.139172466,117117165.43287364,79852.61279514105,191862251.31448022,High-throughput molecular screening,-3796502684.4668217,22084.118274954497,1093.163854610244,,,,,,,,,,,
Mpox,1x,WBE-gated RAT follow-up,wbe_gated_rat,True,False,False,1.5,0.09523809523809523,10.5,5.5,12.5,90.0,,,12.5,0.004,9991845.097998874,327.4838033307727,12386.22208374035,3617.196114044859,5455.01508434366,12701.216013420195,1428.8868015097685,628.7101926642964,12008885.51678176,39554320.651339054,8405293.13840955,2175487635.823652,1483287.024425216,2236939422.154605,High-throughput molecular screening,-1751425513.626697,10066.672822505509,498.300304714022,rapid,0.675,0.994,0.5,0.02,1.0,250,50,720833.3212176873,11288052.195564061,placeholder_not_for_inference
Mpox,1x,WBE-gated Laboratory PCR follow-up,wbe_gated_pcr,True,False,False,1.5,0.09523809523809523,10.5,5.5,12.5,90.0,,,100.0,0.004,9994671.182944587,214.00797831089318,8092.764290982599,5198.044786108954,14546.706891583093,8298.613487897263,933.5940173884338,410.78136765090966,91025250.88573016,25843643.366269935,5491774.215332354,1421400385.1448424,969136.6262351214,1544730190.2384114,High-throughput molecular screening,-2443634745.5428905,14469.275348028441,716.2291297274087,lab,0.97,0.984,0.5,0.02,1.0,250,50,720833.3212176873,90304417.56451249,placeholder_not_for_inference
Mpox,1x,WBE-gated Sentinel RT-LAMP follow-up,wbe_gated_lamp,True,False,False,1.5,0.09523809523809523,10.5,5.5,12.5,90.0,,,20.0,0.004,9994671.182944587,214.00797831089318,8092.764290982599,5198.044786108954,14546.706891583093,8298.613487897263,933.5940173884338,410.78136765090966,18781716.83412021,25843643.366269935,5491774.215332354,1421400385.1448424,969136.6262351214,1472486656.1868002,High-throughput molecular screening,-2515878279.5945015,14469.275348028441,716.2291297274087,molecular,0.97,0.984,0.5,0.02,1.0,250,50,720833.3212176873,18060883.51290251,placeholder_not_for_inference
Mpox,1x,High-throughput molecular (route-targeted),molecular_route_targeted,False,True,False,1.5,0.09523809523809523,10.5,5.5,12.5,90.0,0.97,0.984,20.0,0.004,9998902.178900974,44.09332826355698,1666.9277707758329,1416.20000000001,5816.639999999983,1709.3410990264315,192.30087364047301,84.61238440180817,7208333.212176865,5323243.084959616,1131189.1555539186,292778369.67277884,199621.61568598571,306640756.74115497,High-throughput molecular screening,-3681724179.040147,21058.547736899272,1042.3981129765102,,,,,,,,,,,
Mpox,2x,No systematic screening,none,False,False,False,1.5,0.09523809523809523,10.5,5.5,12.5,90.0,0.0,1.0,0.0,0.008,9970821.627727432,1171.1846347621242,44359.18763779532,0.0,0.0,45485.57227256726,5117.126880663782,2251.5358274920704,0.0,141652894.5343457,30101240.088548418,7790909199.389011,5311983.545037956,7967975317.556945,High-throughput molecular screening,0.0,0.0,0.0,,,,,,,,,,,
Mpox,2x,Rapid Antigen Test (RAT),rapid,False,False,False,1.5,0.09523809523809523,10.5,5.5,12.5,90.0,0.675,0.994,12.5,0.008,9990494.983169759,381.68982302281256,14437.727007227513,19710.0,21724.80000000013,14804.856830240735,1665.5463934020895,732.8404130969188,45052082.57610544,46105532.56481901,9797425.670024024,2535804291.0650434,1728957.4711807116,2638488289.347174,High-throughput molecular screening,-5329487028.20977,30680.715442326524,1518.6954143951516,,,,,,,,,,,
Mpox,2x,Laboratory PCR,lab,False,False,False,1.5,0.09523809523809523,10.5,5.5,12.5,90.0,0.97,0.984,100.0,0.008,9999121.720374824,35.27575418513913,1333.5638709874015,28323.99999999983,57932.80000000028,1367.4956251750264,153.84325783218912,67.69103344616325,360416660.6088435,4258664.978885139,904966.3080130918,234226573.8386826,159699.93670819286,599966565.6711322,High-throughput molecular screening,-7368008751.885813,44118.076647392234,2183.8447940459073,,,,,,,,,,,
Mpox,2x,High-throughput molecular screening,molecular,False,False,False,1.5,0.09523809523809523,10.5,5.5,12.5,90.0,0.97,0.984,20.0,0.008,9999121.720374824,35.27575418513913,1333.5638709874015,28323.99999999983,57932.80000000028,1367.4956251750264,153.84325783218912,67.69103344616325,72083332.12176865,4258664.978885139,904966.3080130918,234226573.8386826,159699.93670819286,311633237.184058,High-throughput molecular screening,-7656342080.372887,44118.076647392234,2183.8447940459073,,,,,,,,,,,
Mpox,2x,WBE-gated RAT follow-up,wbe_gated_rat,True,False,False,1.5,0.09523809523809523,10.5,5.5,12.5,90.0,,,12.5,0.008,9985549.52317399,580.2176743502275,21954.457830694064,8267.80132096473,9025.53842277388,22512.52701551444,2532.659289245376,1114.3700872679663,19439109.598621976,70109008.08684161,14898164.218453862,3855995444.776287,2629087.8032565597,3963070814.4834623,High-throughput molecular screening,-4004904503.0734825,22973.04525705282,1137.1657402241042,rapid,0.675,0.994,0.5,0.02,1.0,250,50,720833.3212176873,18718276.277404286,placeholder_not_for_inference
Mpox,2x,WBE-gated Laboratory PCR follow-up,wbe_gated_pcr,True,False,False,1.5,0.09523809523809523,10.5,5.5,12.5,90.0,,,100.0,0.008,9992002.260026433,321.17365841754156,12147.429602050835,11881.136713090014,24068.102460730224,12456.3543199648,1401.3398609960536,616.5895388382634,150467043.5404519,38791766.51541348,8243250.384525359,2133547158.347741,1454691.2443280036,2332503910.0324574,High-throughput molecular screening,-5635471407.5244875,33029.21795260246,1634.9462886538072,lab,0.97,0.984,0.5,0.02,1.0,250,50,720833.3212176873,149746210.2192343,placeholder_not_for_inference
Mpox,2x,WBE-gated Sentinel RT-LAMP follow-up,wbe_gated_lamp,True,False,False,1.5,0.09523809523809523,10.5,5.5,12.5,90.0,,,20.0,0.008,9992002.260026433,321.17365841754156,12147.429602050835,11881.136713090014,24068.102460730224,12456.3543199648,1401.3398609960536,616.5895388382634,30670075.36506453,38791766.51541348,8243250.384525359,2133547158.347741,1454691.2443280036,2212706941.8570733,High-throughput molecular screening,-5755268375.699871,33029.21795260246,1634.9462886538072,molecular,0.97,0.984,0.5,0.02,1.0,250,50,720833.3212176873,29949242.04384686,placeholder_not_for_inference
Mpox,2x,High-throughput molecular (route-targeted),molecular_route_targeted,False,True,False,1.5,0.09523809523809523,10.5,5.5,12.5,90.0,0.97,0.984,20.0,0.008,9997804.642065521,88.17301622448858,3333.584918235082,2832.40000000002,5793.280000000019,3418.397934479276,384.5697676289173,169.21069775672368,7208333.212176865,10645604.97151297,2262191.0564465094,585508273.4332137,399210.18643173674,606023612.8597815,High-throughput molecular screening,-7361951704.697164,42067.174338087985,2082.3251297353468,,,,,,,,,,,
Norovirus,0.5x,No systematic screening,none,False,False,False,1.75,0.5,2.0,0.00075,0.75,60.0,0.0,1.0,0.0,0.0125,5905285.060251255,127.8502641298249,4108274.5894846157,0.0,0.0,4108364.9397487454,18487.642228869372,18.48764222886934,0.0,73942745.05545911,15712833.324285027,64699901.923526675,3327423.5274956543,157682903.83076662,High-throughput molecular screening,0.0,0.0,0.0,,,,,,,,,,,
Norovirus,0.5x,Rapid Antigen Test (RAT),rapid,False,False,False,1.75,0.5,2.0,0.00075,0.75,60.0,0.675,0.994,12.5,0.0125,7455652.056648523,50.983008861375026,2548745.3978426177,30796.875,21626.250000000004,2548784.1933514774,11469.528870081656,11.469528870081643,45052082.57610544,45872255.476358116,9747854.288726093,40138223.54181342,2064251.4964361147,142874667.37943915,High-throughput molecular screening,-14808236.451327473,1559580.746397268,7.018113358787698,,,,,,,,,,,
Norovirus,0.5x,Laboratory PCR,lab,False,False,False,1.75,0.5,2.0,0.00075,0.75,60.0,0.97,0.984,100.0,0.0125,9563969.300759861,6.8074305391101015,436434.5168095875,44256.25,57670.00000000001,436440.19924013875,1963.9808965806228,1.963980896580626,360416660.6088435,7854035.556135586,1668982.5556788098,6872281.111618636,353431.6000261013,377165391.4323028,High-throughput molecular screening,219482487.60153615,3671924.7405086067,16.523661332288714,,,,,,,,,,,
Norovirus,0.5x,High-throughput molecular screening,molecular,False,False,False,1.75,0.5,2.0,0.00075,0.75,60.0,0.97,0.984,20.0,0.0125,9563969.300759861,6.8074305391101015,436434.5168095875,44256.25,57670.00000000001,436440.19924013875,1963.9808965806228,1.963980896580626,72083332.12176865,7854035.556135586,1668982.5556788098,6872281.111618636,353431.6000261013,88832062.94522785,High-throughput molecular screening,-68850840.88553877,3671924.7405086067,16.523661332288714,,,,,,,,,,,
Norovirus,0.5x,WBE-gated RAT follow-up,wbe_gated_rat,True,False,False,1.75,0.5,2.0,0.00075,0.75,60.0,,,12.5,0.0125,6826390.88192483,73.56853847024449,3180546.042436809,6677.00709988717,7985.189975883848,3180600.4041453563,14312.70181865439,14.312701818654393,17269843.923108675,57244373.427217774,12164429.353283776,50088826.74881556,2575996.804224795,139343470.25665057,High-throughput molecular screening,-18339433.57411605,927764.5356033891,4.174940410214948,rapid,0.675,0.994,0.5,0.02,1.0,250,50,720833.3212176873,16549010.601890996,placeholder_not_for_inference
Norovirus,0.5x,WBE-gated Laboratory PCR follow-up,wbe_gated_pcr,True,False,False,1.75,0.5,2.0,0.00075,0.75,60.0,,,100.0,0.0125,7567512.290269173,47.68336459740339,2436532.419867128,9595.106499097139,21293.83993569026,2436568.8911947147,10964.56001037635,10.964560010376307,133112918.13634573,43852482.3591742,9318652.50132453,38370922.06427737,1973361.706162839,226628336.767285,High-throughput molecular screening,68945432.93651837,1671796.0485540307,7.523082218493034,lab,0.97,0.984,0.5,0.02,1.0,250,50,720833.3212176873,132392084.81512797,placeholder_not_for_inference
Norovirus,0.5x,WBE-gated Sentinel RT-LAMP follow-up,wbe_gated_lamp,True,False,False,1.75,0.5,2.0,0.00075,0.75,60.0,,,20.0,0.0125,7567512.290269173,47.68336459740339,2436532.419867128,9595.106499097139,21293.83993569026,2436568.8911947147,10964.56001037635,10.964560010376307,27199250.28424327,43852482.3591742,9318652.50132453,38370922.06427737,1973361.706162839,120714668.91518214,High-throughput molecular screening,-36968234.915584475,1671796.0485540307,7.523082218493034,molecular,0.97,0.984,0.5,0.02,1.0,250,50,720833.3212176873,26478416.96302557,placeholder_not_for_inference
Norovirus,0.5x,High-throughput molecular (route-targeted),molecular_route_targeted,False,True,False,1.75,0.5,2.0,0.00075,0.75,60.0,0.97,0.984,20.0,0.0125,9047469.380436823,15.340548367351577,953541.8415148086,4425.625,5767.000000000042,953554.3695631772,4290.99466303429,4.2909946630342946,7208333.212176865,17160498.769921895,3646605.988608404,15015436.423681665,772222.4446464842,43803096.83903527,High-throughput molecular screening,-113879806.99173135,3154810.570185568,14.196647565835047,,,,,,,,,,,
Norovirus,1x,No systematic screening,none,False,False,False,1.75,0.5,2.0,0.00075,0.75,60.0,0.0,1.0,0.0,0.025,5055670.172054916,232.16429323571765,4971472.663651839,0.0,0.0,4971629.827945084,22372.33422575287,22.372334225752905,0.0,89478097.03351834,19014095.619622625,78293334.90432863,4026514.3665083176,190812041.92397776,High-throughput molecular screening,0.0,0.0,0.0,,,,,,,,,,,
Norovirus,1x,Rapid Antigen Test (RAT),rapid,False,False,False,1.75,0.5,2.0,0.00075,0.75,60.0,0.675,0.994,12.5,0.025,6492877.75355714,89.36864301837763,3515929.752799842,61593.75,21352.500000000004,3515994.74644286,15821.976358992853,15.821976358992861,45052082.57610544,63281096.42673493,13447232.99068117,55370959.373393096,2847649.339203066,179999020.70611778,High-throughput molecular screening,-10813021.217859983,1455635.0815022243,6.550357866760043,,,,,,,,,,,
Norovirus,1x,Laboratory PCR,lab,False,False,False,1.75,0.5,2.0,0.00075,0.75,60.0,0.97,0.984,100.0,0.025,9205229.761719435,12.653518397638342,795578.8347621795,88512.5,56940.00000000001,795589.2382805645,3580.1515722625454,3.580151572262542,360416660.6088435,14317550.193449419,3042479.4161080006,12527856.419268236,644289.7587052239,390948836.3963743,High-throughput molecular screening,200136794.47239652,4176040.5896645198,18.792182653490364,,,,,,,,,,,
Norovirus,1x,High-throughput molecular screening,molecular,False,False,False,1.75,0.5,2.0,0.00075,0.75,60.0,0.97,0.984,20.0,0.025,9205229.761719435,12.653518397638342,795578.8347621795,88512.5,56940.00000000001,795589.2382805645,3580.1515722625454,3.580151572262542,72083332.12176865,14317550.193449419,3042479.4161080006,12527856.419268236,644289.7587052239,102615507.9092996,High-throughput molecular screening,-88196534.01467817,4176040.5896645198,18.792182653490364,,,,,,,,,,,
Norovirus,1x,WBE-gated RAT follow-up,wbe_gated_rat,True,False,False,1.75,0.5,2.0,0.00075,0.75,60.0,,,12.5,0.025,6075112.688427435,114.93764946741635,3936828.109142625,15319.264780474363,12396.037800530159,3936910.0173805463,17716.09507821238,17.716095078212366,26501751.89050079,70856915.98046808,15057094.645849435,61999801.48290948,3188561.219121061,177604125.21884885,High-throughput molecular screening,-13207916.705128908,1034719.810564538,4.656239147540539,rapid,0.675,0.994,0.5,0.02,1.0,250,50,720833.3212176873,25780918.569283105,placeholder_not_for_inference
Norovirus,1x,WBE-gated Laboratory PCR follow-up,wbe_gated_pcr,True,False,False,1.75,0.5,2.0,0.00075,0.75,60.0,,,100.0,0.025,7200591.399614489,59.22605097030722,2804710.0234648213,22014.35086971895,33056.10080141393,2804754.5628058617,12621.395532626311,12.621395532626309,206968181.8754824,50479495.8621778,10726892.870712772,44169558.87940558,2271577.313798002,314615706.8015763,High-throughput molecular screening,123803664.87759855,2166875.2651392226,9.750938693126596,lab,0.97,0.984,0.5,0.02,1.0,250,50,720833.3212176873,206247348.55426484,placeholder_not_for_inference
Norovirus,1x,WBE-gated Sentinel RT-LAMP follow-up,wbe_gated_lamp,True,False,False,1.75,0.5,2.0,0.00075,0.75,60.0,,,20.0,0.025,7200591.399614489,59.22605097030722,2804710.0234648213,22014.35086971895,33056.10080141393,2804754.5628058617,12621.395532626311,12.621395532626309,41970303.03207064,50479495.8621778,10726892.870712772,44169558.87940558,2271577.313798002,149617827.95816487,High-throughput molecular screening,-41194213.96581289,2166875.2651392226,9.750938693126596,molecular,0.97,0.984,0.5,0.02,1.0,250,50,720833.3212176873,41249469.710852966,placeholder_not_for_inference
Norovirus,1x,High-throughput molecular (route-targeted),molecular_route_targeted,False,True,False,1.75,0.5,2.0,0.00075,0.75,60.0,0.97,0.984,20.0,0.025,8408395.149997175,27.345010845679383,1593630.6299919712,8851.25,5694.000000000021,1593652.3500028253,7171.435575012704,7.171435575012714,7208333.212176865,28680980.79546503,6094708.419036319,25095858.196031943,1290644.1357959248,68370524.75850607,High-throughput molecular screening,-122441517.16547169,3377977.477942259,15.200898650740191,,,,,,,,,,,
Norovirus,2x,No systematic screening,none,False,False,False,1.75,0.5,2.0,0.00075,0.75,60.0,0.0,1.0,0.0,0.05,4369913.959036176,432.21893158633105,5684403.822032237,0.0,0.0,5684686.040963824,25581.087184337204,25.581087184337203,0.0,102305507.24057072,21739920.28862126,89517318.83549939,4603747.825825678,218166494.19051695,High-throughput molecular screening,0.0,0.0,0.0,,,,,,,,,,,
Norovirus,2x,Rapid Antigen Test (RAT),rapid,False,False,False,1.75,0.5,2.0,0.00075,0.75,60.0,0.675,0.994,12.5,0.05,5566658.547396225,159.75049120563017,4450975.452112565,123187.5,20805.000000000004,4451086.452603775,20029.889036716995,20.029889036717023,45052082.57610544,80110770.52273168,17023538.736080494,70096924.20739037,3604984.673522928,215888300.71583104,High-throughput molecular screening,-2278193.4746859074,1233599.5883600488,5.55119814762018,,,,,,,,,,,
Norovirus,2x,Laboratory PCR,lab,False,False,False,1.75,0.5,2.0,0.00075,0.75,60.0,0.97,0.984,100.0,0.05,8638883.634914935,22.76891758543964,1362736.0961674864,177025.0,55480.00000000001,1362754.3650850654,6132.394642882792,6.132394642882796,360416660.6088435,24525209.282810148,5211606.972597159,21459558.122458886,1103634.4177264576,412716669.40443623,High-throughput molecular screening,194550175.21391928,4321931.675878759,19.448692541454406,,,,,,,,,,,
Norovirus,2x,High-throughput molecular screening,molecular,False,False,False,1.75,0.5,2.0,0.00075,0.75,60.0,0.97,0.984,20.0,0.05,8638883.634914935,22.76891758543964,1362736.0961674864,177025.0,55480.00000000001,1362754.3650850654,6132.394642882792,6.132394642882796,72083332.12176865,24525209.282810148,5211606.972597159,21459558.122458886,1103634.4177264576,124383340.91736141,High-throughput molecular screening,-93783153.27315554,4321931.675878759,19.448692541454406,,,,,,,,,,,
Norovirus,2x,WBE-gated RAT follow-up,wbe_gated_rat,True,False,False,1.75,0.5,2.0,0.00075,0.75,60.0,,,12.5,0.05,5386716.867825749,181.12417523352,4633692.800375925,34159.207623101414,16969.53263519419,4633817.511421442,20852.178801396087,20.852178801396057,36254727.514184386,83399237.35706449,17722337.9383762,72974332.6874314,3752965.681067901,214103601.17812437,High-throughput molecular screening,-4062893.0123925805,1050868.5295423819,4.728908382941146,rapid,0.675,0.994,0.5,0.02,1.0,250,50,720833.3212176873,35533894.19296673,placeholder_not_for_inference
Norovirus,2x,WBE-gated Laboratory PCR follow-up,wbe_gated_pcr,True,False,False,1.75,0.5,2.0,0.00075,0.75,60.0,,,100.0,0.05,7124824.970966631,61.89308963395755,2880775.089433493,49088.04651023488,45252.08702718448,2880821.4703217843,12963.696616448065,12.96369661644806,284991986.86495155,51848632.81769866,11017834.473760936,45367553.71548621,2333188.4767964375,395559196.34869397,High-throughput molecular screening,177392702.15817702,2803864.5706420396,12.617390567889144,lab,0.97,0.984,0.5,0.02,1.0,250,50,720833.3212176873,284271153.54373384,placeholder_not_for_inference
Norovirus,2x,WBE-gated Sentinel RT-LAMP follow-up,wbe_gated_lamp,True,False,False,1.75,0.5,2.0,0.00075,0.75,60.0,,,20.0,0.05,7124824.970966631,61.89308963395755,2880775.089433493,49088.04651023488,45252.08702718448,2880821.4703217843,12963.696616448065,12.96369661644806,57575064.02996438,51848632.81769866,11017834.473760936,45367553.71548621,2333188.4767964375,168142273.51370686,High-throughput molecular screening,-50024220.676810086,2803864.5706420396,12.617390567889144,molecular,0.97,0.984,0.5,0.02,1.0,250,50,720833.3212176873,56854230.708746776,placeholder_not_for_inference
Norovirus,2x,High-throughput molecular (route-targeted),molecular_route_targeted,False,True,False,1.75,0.5,2.0,0.00075,0.75,60.0,0.97,0.984,20.0,0.05,7563011.365201048,47.81278410175124,2441047.072014851,17702.5,5547.999999999963,2441083.6347989524,10984.87635659527,10.984876356595278,7208333.212176865,43933743.55924766,9335920.506340133,38442025.61434173,1977018.4601661465,100897041.3522726,High-throughput molecular screening,-117269452.83824435,3243602.4061648715,14.596210827741926,,,,,,,,,,,
Ebola,0.5x,No systematic screening,none,False,False,False,1.6,0.09523809523809523,10.5,57.49999999999999,90.0,90.0,0.0,1.0,0.0,0.0005,9997868.273464827,78.7232134494452,3038.5033217075106,0.0,0.0,3114.5265351738603,2522.7664934908425,1611.7674819524823,0.0,52385704.18446849,11131962.139199544,5578107390.012856,26192852.092234243,5667817908.428752,High-throughput molecular screening,0.0,0.0,0.0,,,,,,,,,,,
Ebola,0.5x,Rapid Antigen Test (RAT),rapid,False,False,False,1.6,0.09523809523809523,10.5,57.49999999999999,90.0,90.0,0.675,0.994,12.5,0.0005,9999307.05960118,25.59115907400914,987.6367397506614,1231.875,21889.050000000043,1012.350398820277,820.003823044416,523.8913313894875,45052082.57610544,17027518.088524405,3618347.5938114366,1813115352.0188034,8513759.044262202,1887327059.3215072,High-throughput molecular screening,-3780490849.1072445,2102.1761363535834,1087.8761505629948,,,,,,,,,,,
Ebola,0.5x,Laboratory PCR,lab,False,False,False,1.6,0.09523809523809523,10.5,57.49999999999999,90.0,90.0,0.97,0.984,100.0,0.0005,9999936.031053701,2.3625076573618844,91.17143863392486,1770.2499999999893,58370.79999999992,93.45294629834672,75.69688650166023,48.361899709394045,360416660.6088435,1571858.2426503205,334019.87656319304,167373794.3562841,785929.1213251601,530482262.2056659,High-throughput molecular screening,-5137335646.223086,3021.0735888755135,1563.4055822430882,,,,,,,,,,,
Ebola,0.5x,High-throughput molecular screening,molecular,False,False,False,1.6,0.09523809523809523,10.5,57.49999999999999,90.0,90.0,0.97,0.984,20.0,0.0005,9999936.031053701,2.3625076573618844,91.17143863392486,1770.2499999999893,58370.79999999992,93.45294629834672,75.69688650166023,48.361899709394045,72083332.12176865,1571858.2426503205,334019.87656319304,167373794.3562841,785929.1213251601,242148933.71859124,High-throughput molecular screening,-5425668974.71016,3021.0735888755135,1563.4055822430882,,,,,,,,,,,
Ebola,0.5x,WBE-gated RAT follow-up,wbe_gated_rat,True,False,False,1.6,0.09523809523809523,10.5,57.49999999999999,90.0,90.0,,,12.5,0.0005,9998632.68836038,50.49529556556486,1948.863669094935,353.452674943239,1143.2768288805316,1997.627328169324,1618.0781358171444,1033.772142327622,3079214.453873843,33599675.57396405,7139931.059467354,3577743232.4128394,16799837.786982026,3638361891.2871294,High-throughput molecular screening,-2029456017.1416225,1116.8992070045363,577.9953396248602,rapid,0.675,0.994,0.5,0.02,1.0,250,50,720833.3212176873,2358381.1326561547,placeholder_not_for_inference
Ebola,0.5x,WBE-gated Laboratory PCR follow-up,wbe_gated_pcr,True,False,False,1.6,0.09523809523809523,10.5,57.49999999999999,90.0,90.0,,,100.0,0.0005,9998966.813572612,38.156399266882744,1472.6054433814356,507.92458473324666,3048.738210348103,1509.4534168598184,1222.6572676564451,781.1421432249514,19587882.38246693,25388688.553241692,5395096.317563857,2703425170.021105,12694344.276620843,2766491181.5509977,High-throughput molecular screening,-2901326726.877754,1605.073118314042,830.6253387275309,lab,0.97,0.984,0.5,0.02,1.0,250,50,720833.3212176873,18867049.061249238,placeholder_not_for_inference
Ebola,0.5x,WBE-gated Sentinel RT-LAMP follow-up,wbe_gated_lamp,True,False,False,1.6,0.09523809523809523,10.5,57.49999999999999,90.0,90.0,,,20.0,0.0005,9998966.813572612,38.156399266882744,1472.6054433814356,507.92458473324666,3048.738210348103,1509.4534168598184,1222.6572676564451,781.1421432249514,4494243.133467534,25388688.553241692,5395096.317563857,2703425170.021105,12694344.276620843,2751397542.3019996,High-throughput molecular screening,-2916420366.1267524,1605.073118314042,830.6253387275309,molecular,0.97,0.984,0.5,0.02,1.0,250,50,720833.3212176873,3773409.812249849,placeholder_not_for_inference
Ebola,0.5x,High-throughput molecular (route-targeted),molecular_route_targeted,False,True,False,1.6,0.09523809523809523,10.5,57.49999999999999,90.0,90.0,0.97,0.984,20.0,0.0005,9999840.079624062,5.906175003343776,227.926700932172,177.02500000000126,5837.080000000042,233.63037593699744,189.24060450897014,120.90371954739746,7208333.212176865,3929612.294701975,835042.6126241699,418430938.7877105,1964806.1473509874,432368733.0545643,High-throughput molecular screening,-5235449175.374187,2880.896159236863,1490.8637624050848,,,,,,,,,,,
Ebola,1x,No systematic screening,none,False,False,False,1.6,0.09523809523809523,10.5,57.49999999999999,90.0,90.0,0.0,1.0,0.0,0.001,9995737.72473366,157.39073533343972,6075.884531015752,0.0,0.0,6227.875266339594,5044.578965735098,3222.92545033076,0.0,104751690.3695492,22259734.20352923,11154115178.239033,52375845.1847746,11333502447.996887,High-throughput molecular screening,0.0,0.0,0.0,,,,,,,,,,,
Ebola,1x,Rapid Antigen Test (RAT),rapid,False,False,False,1.6,0.09523809523809523,10.5,57.49999999999999,90.0,90.0,0.675,0.994,12.5,0.001,9998614.243706303,51.17642870033871,1975.1548649908793,2463.75,21878.099999999988,2024.5762936964848,1639.906797894135,1047.7182319879194,45052082.57610544,34052951.82112255,7236252.261988546,3626008758.7306414,17026475.910561275,3729376521.3004193,High-throughput molecular screening,-7604125926.696468,4203.29897264311,2175.207218342841,,,,,,,,,,,
Ebola,1x,Laboratory PCR,lab,False,False,False,1.6,0.09523809523809523,10.5,57.49999999999999,90.0,90.0,0.97,0.984,100.0,0.001,9999872.063168658,4.7249651062470175,182.34186624733283,3540.4999999999786,58341.59999999948,186.90483134158114,151.39291338667948,96.72325021926748,360416660.6088435,3143698.7185442834,668035.9776906606,334745696.8820302,1571849.3592721417,700545941.546381,High-throughput molecular screening,-10632956506.450506,6040.970434998013,3126.202200111493,,,,,,,,,,,
Ebola,1x,High-throughput molecular screening,molecular,False,False,False,1.6,0.09523809523809523,10.5,57.49999999999999,90.0,90.0,0.97,0.984,20.0,0.001,9999872.063168658,4.7249651062470175,182.34186624733283,3540.4999999999786,58341.59999999948,186.90483134158114,151.39291338667948,96.72325021926748,72083332.12176865,3143698.7185442834,668035.9776906606,334745696.8820302,1571849.3592721417,412212613.0593059,High-throughput molecular screening,-10921289834.937582,6040.970434998013,3126.202200111493,,,,,,,,,,,
Ebola,1x,WBE-gated RAT follow-up,wbe_gated_rat,True,False,False,1.6,0.09523809523809523,10.5,57.49999999999999,90.0,90.0,,,12.5,0.001,9997323.80305243,98.82817803709253,3814.665520660199,733.7032488730937,1817.6664607919186,3910.103844585139,3167.184114113978,2023.478739572819,4473503.6618320765,65767167.88638763,13975523.175857369,7002985469.383868,32883583.943193816,7120085248.051139,High-throughput molecular screening,-4213417199.9457483,2317.7714217544553,1199.4467107579412,rapid,0.675,0.994,0.5,0.02,1.0,250,50,720833.3212176873,3752670.3406143887,placeholder_not_for_inference
Ebola,1x,WBE-gated Laboratory PCR follow-up,wbe_gated_pcr,True,False,False,1.6,0.09523809523809523,10.5,57.49999999999999,90.0,90.0,,,100.0,0.001,9998017.18292787,73.22448495329121,2826.2338443367044,1054.3587428250364,4847.1105621117495,2896.9469833958174,2346.5270565505916,1499.1700639073256,30742196.04613285,48726057.278990544,10354287.171785481,5188422765.818434,24363028.639495272,5302608334.954834,High-throughput molecular screening,-6030894113.042053,3330.928282943777,1723.7553864234346,lab,0.97,0.984,0.5,0.02,1.0,250,50,720833.3212176873,30021362.72491511,placeholder_not_for_inference
Ebola,1x,WBE-gated Sentinel RT-LAMP follow-up,wbe_gated_lamp,True,False,False,1.6,0.09523809523809523,10.5,57.49999999999999,90.0,90.0,,,20.0,0.001,9998017.18292787,73.22448495329121,2826.2338443367044,1054.3587428250364,4847.1105621117495,2896.9469833958174,2346.5270565505916,1499.1700639073256,6725105.866200712,48726057.278990544,10354287.171785481,5188422765.818434,24363028.639495272,5278591244.774907,High-throughput molecular screening,-6054911203.22198,3330.928282943777,1723.7553864234346,molecular,0.97,0.984,0.5,0.02,1.0,250,50,720833.3212176873,6004272.544983031,placeholder_not_for_inference
Ebola,1x,High-throughput molecular (route-targeted),molecular_route_targeted,False,True,False,1.6,0.09523809523809523,10.5,57.49999999999999,90.0,90.0,0.97,0.984,20.0,0.001,9999680.165880468,11.812036228696236,455.84708331098324,354.0500000000025,5834.160000000028,467.2541195329229,378.47583682167175,241.8040068582902,7208333.212176865,7859113.555594341,1670061.6305637981,836850054.5308789,3929556.7777971695,857517119.7070115,High-throughput molecular screening,-10475985328.289875,5760.621146806671,2981.12144347247,,,,,,,,,,,
Ebola,2x,No systematic screening,none,False,False,False,1.6,0.09523809523809523,10.5,57.49999999999999,90.0,90.0,0.0,1.0,0.0,0.002,9991480.155171743,314.55909764507186,12147.285730613892,0.0,0.0,12451.044828256521,10085.346310887842,6443.415698622783,0.0,209424600.73169827,44502727.65548589,22299841744.578995,104712300.36584914,22658481373.33199,High-throughput molecular screening,0.0,0.0,0.0,,,,,,,,,,,
Ebola,2x,Rapid Antigen Test (RAT),rapid,False,False,False,1.6,0.09523809523809523,10.5,57.49999999999999,90.0,90.0,0.675,0.994,12.5,0.002,9997228.985238848,102.32931314847336,3949.835448011807,4927.5,21856.199999999997,4048.6547611520127,3279.410356533092,2095.178838896146,45052082.57610544,68097569.381905,14470733.493654836,7251130073.073218,34048784.690952495,7412799243.215841,High-throughput molecular screening,-15245682130.116148,8402.390067104508,4348.236859726637,,,,,,,,,,,
Ebola,2x,Laboratory PCR,lab,False,False,False,1.6,0.09523809523809523,10.5,57.49999999999999,90.0,90.0,0.97,0.984,100.0,0.002,9999744.130582068,9.449729389248944,364.679688551211,7080.999999999957,58283.2000000001,373.8054179327967,302.78238852556274,193.4443037802208,360416660.6088435,6287326.374580636,1336056.8545983841,669483826.9229375,3143663.187290318,1040667533.9482502,High-throughput molecular screening,-21617813839.38374,12077.239410323724,6249.9713948425615,,,,,,,,,,,
Ebola,2x,High-throughput molecular screening,molecular,False,False,False,1.6,0.09523809523809523,10.5,57.49999999999999,90.0,90.0,0.97,0.984,20.0,0.002,9999744.130582068,9.449729389248944,364.679688551211,7080.999999999957,58283.2000000001,373.8054179327967,302.78238852556274,193.4443037802208,72083332.12176865,6287326.374580636,1336056.8545983841,669483826.9229375,3143663.187290318,752334205.4611758,High-throughput molecular screening,-21906147167.870815,12077.239410323724,6249.9713948425615,,,,,,,,,,,
Ebola,2x,WBE-gated RAT follow-up,wbe_gated_rat,True,False,False,1.6,0.09523809523809523,10.5,57.49999999999999,90.0,90.0,,,12.5,0.002,9994862.248857036,189.7129253282373,7324.153478256763,1565.8847393755268,3080.5801015926013,7507.35649876409,6080.958763998887,3885.0569881103997,7086752.405743115,126272369.7681482,26832878.575731512,13445669003.089865,63136184.8840741,13668997188.723545,High-throughput molecular screening,-8989484184.608444,4943.688329492431,2558.358710512383,rapid,0.675,0.994,0.5,0.02,1.0,250,50,720833.3212176873,6365919.084525423,placeholder_not_for_inference
Ebola,2x,WBE-gated Laboratory PCR follow-up,wbe_gated_pcr,True,False,False,1.6,0.09523809523809523,10.5,57.49999999999999,90.0,90.0,,,100.0,0.002,9996341.280954167,135.1065051110975,5215.3781745148735,2250.23436621372,8214.880270913687,5345.849705279056,4330.138261276049,2766.477222481919,51648185.99742102,89916163.8905932,19107184.826751053,9574406340.202047,44958081.94529659,9780035956.862108,High-throughput molecular screening,-12878445416.469881,7105.195122977465,3676.9384761408637,lab,0.97,0.984,0.5,0.02,1.0,250,50,720833.3212176873,50927352.676203385,placeholder_not_for_inference
Ebola,2x,WBE-gated Sentinel RT-LAMP follow-up,wbe_gated_lamp,True,False,False,1.6,0.09523809523809523,10.5,57.49999999999999,90.0,90.0,,,20.0,0.002,9996341.280954167,135.1065051110975,5215.3781745148735,2250.23436621372,8214.880270913687,5345.849705279056,4330.138261276049,2766.477222481919,10906303.856458366,89916163.8905932,19107184.826751053,9574406340.202047,44958081.94529659,9739294074.721151,High-throughput molecular screening,-12919187298.610838,7105.195122977465,3676.9384761408637,molecular,0.97,0.984,0.5,0.02,1.0,250,50,720833.3212176873,10185470.535240674,placeholder_not_for_inference
Ebola,2x,High-throughput molecular (route-targeted),molecular_route_targeted,False,True,False,1.6,0.09523809523809523,10.5,57.49999999999999,90.0,90.0,0.97,0.984,20.0,0.002,9999360.358287912,23.62281751198796,911.6688945740631,708.100000000005,5828.319999999968,934.4817120876064,756.9301867909695,483.59428600534136,7208333.212176865,15717783.01578385,3340028.8908540737,1673652821.1251364,7858891.507891925,1707777857.7518413,High-throughput molecular screening,-20950703515.580147,11516.563116168914,5959.821412617442,,,,,,,,,,,
Diphtheria,0.5x,No systematic screening,none,False,False,False,2.75,0.047619047619047616,21.0,7.5,30.0,40.0,0.0,1.0,0.0,0.0001,9997201.273152232,368.9885939782515,2524.6382537865384,0.0,0.0,2893.366847768062,347.2040217321663,86.80100543304158,0.0,5114825.264769836,1086900.3687635893,298364807.1115738,0.0,304566532.74510723,High-throughput molecular screening,0.0,0.0,0.0,,,,,,,,,,,
Diphtheria,0.5x,Rapid Antigen Test (RAT),rapid,False,False,False,2.75,0.047619047619047616,21.0,7.5,30.0,40.0,0.675,0.994,12.5,0.0001,9999089.934120787,120.042990348177,820.8653888523448,246.37500000000162,21897.809999999958,940.8238792128146,112.89886550553743,28.224716376384357,45052082.57610544,1663162.0567700888,353421.9370636439,97017786.64492181,0.0,144086453.21486107,High-throughput molecular screening,-160480079.53024617,1952.5429685552476,58.576289056657224,,,,,,,,,,,
Diphtheria,0.5x,Laboratory PCR,lab,False,False,False,2.75,0.047619047619047616,21.0,7.5,30.0,40.0,0.97,0.984,100.0,0.0001,9999915.974552147,11.085806627518965,75.78664122636356,354.0500000000025,58394.15999999955,86.86464785312151,10.423757742374544,2.605939435593636,360416660.6088435,153556.72281137525,32630.80359741724,8957475.497330215,0.0,369560323.63258296,High-throughput molecular screening,64993790.88747573,2806.502199914941,84.19506599744794,,,,,,,,,,,
Diphtheria,0.5x,High-throughput molecular screening,molecular,False,False,False,2.75,0.047619047619047616,21.0,7.5,30.0,40.0,0.97,0.984,20.0,0.0001,9999915.974552147,11.085806627518965,75.78664122636356,354.0500000000025,58394.15999999955,86.86464785312151,10.423757742374544,2.605939435593636,72083332.12176865,153556.72281137525,32630.80359741724,8957475.497330215,0.0,81226995.14550772,High-throughput molecular screening,-223339537.5995995,2806.502199914941,84.19506599744794,,,,,,,,,,,
Diphtheria,0.5x,High-throughput molecular (route-targeted),molecular_route_targeted,False,True,False,2.75,0.047619047619047616,21.0,7.5,30.0,40.0,0.97,0.984,20.0,0.0001,9999789.943767596,27.712641561966475,189.46109083842163,35.405000000000236,5839.416000000036,217.1542324035606,26.058507888427382,6.5146269721068455,7208333.212176865,383878.8108369576,81574.24730285353,22392930.632155854,0.0,30066716.902472533,High-throughput molecular screening,-274499815.8426347,2676.2126153645017,80.28637846093474,,,,,,,,,,,
Diphtheria,1x,No systematic screening,none,False,False,False,2.75,0.047619047619047616,21.0,7.5,30.0,40.0,0.0,1.0,0.0,0.0002,9994406.912762428,736.8699213661392,5046.0173162062465,0.0,0.0,5782.367237572762,693.8840685087292,173.4710171271823,0.0,10221968.684455138,2172168.345446716,596281506.5932164,0.0,608675643.6231184,High-throughput molecular screening,0.0,0.0,0.0,,,,,,,,,,,
Diphtheria,1x,Rapid Antigen Test (RAT),rapid,False,False,False,2.75,0.047619047619047616,21.0,7.5,30.0,40.0,0.675,0.994,12.5,0.0002,9998180.330272906,239.96874152952384,1641.3859855469427,492.75000000000324,21895.620000000054,1881.185727094716,225.7422872513652,56.4355718128413,45052082.57610544,3325511.2708927304,706671.1450647047,193988157.46874267,0.0,243072422.46080527,High-throughput molecular screening,-365603221.1623131,3901.181510478046,117.035445314341,,,,,,,,,,,
Diphtheria,1x,Laboratory PCR,lab,False,False,False,2.75,0.047619047619047616,21.0,7.5,30.0,40.0,0.97,0.984,100.0,0.0002,9999831.953044206,22.17061323340408,151.5703425638997,708.100000000005,58388.32000000023,173.72535579451988,20.847042695342306,5.211760673835577,360416660.6088435,307106.51422207284,65260.13427219049,17914546.662954245,0.0,378703573.92029244,High-throughput molecular screening,-229972069.70282596,5608.641881778242,168.25925645334672,,,,,,,,,,,
Diphtheria,1x,High-throughput molecular screening,molecular,False,False,False,2.75,0.047619047619047616,21.0,7.5,30.0,40.0,0.97,0.984,20.0,0.0002,9999831.953044206,22.17061323340408,151.5703425638997,708.100000000005,58388.32000000023,173.72535579451988,20.847042695342306,5.211760673835577,72083332.12176865,307106.51422207284,65260.13427219049,17914546.662954245,0.0,90370245.43321727,High-throughput molecular screening,-518305398.1899011,5608.641881778242,168.25925645334672,,,,,,,,,,,
Diphtheria,1x,High-throughput molecular (route-targeted),molecular_route_targeted,False,True,False,2.75,0.047619047619047616,21.0,7.5,30.0,40.0,0.97,0.984,20.0,0.0002,9999579.912156716,55.41903400061228,378.9038092934885,70.81000000000047,5838.831999999983,434.2838432832045,52.114061193984746,13.028515298496187,7208333.212176865,767714.3055546822,163139.28993037003,44783334.49068978,0.0,52922521.29835171,High-throughput molecular screening,-555753122.3247666,5348.083394289558,160.44250182868612,,,,,,,,,,,
Diphtheria,2x,No systematic screening,none,False,False,False,2.75,0.047619047619047616,21.0,7.5,30.0,40.0,0.0,1.0,0.0,0.0004,9988831.245278953,1469.3266495755565,10079.028071471692,0.0,0.0,11547.314721048286,1385.6777665257907,346.4194416314477,0.0,20413290.926524233,4337824.321886399,1190775304.0472467,0.0,1215526419.2956574,High-throughput molecular screening,0.0,0.0,0.0,,,,,,,,,,,
Diphtheria,2x,Rapid Antigen Test (RAT),rapid,False,False,False,2.75,0.047619047619047616,21.0,7.5,30.0,40.0,0.675,0.994,12.5,0.0004,9996362.50708262,479.46907409796825,3281.393843281801,985.5000000000065,21891.239999999947,3760.524917379853,451.26299008558107,112.81574752139527,45052082.57610544,6647773.961491323,1412651.9668169061,387786814.4203273,0.0,440899322.92474097,High-throughput molecular screening,-774627096.3709164,7786.789803668433,233.6036941100524,,,,,,,,,,,
Diphtheria,2x,Laboratory PCR,lab,False,False,False,2.75,0.047619047619047616,21.0,7.5,30.0,40.0,0.97,0.984,100.0,0.0004,9999663.921846798,44.33722681202963,303.1289263924892,1416.20000000001,58376.64000000038,347.434953203158,41.692194384378794,10.423048596094699,360416660.6088435,614185.3050552513,130514.37732424092,35827476.128223,0.0,396988836.41944605,High-throughput molecular screening,-818537582.8762114,11199.879767845128,335.996393035353,,,,,,,,,,,
Diphtheria,2x,High-throughput molecular screening,molecular,False,False,False,2.75,0.047619047619047616,21.0,7.5,30.0,40.0,0.97,0.984,20.0,0.0004,9999663.921846798,44.33722681202963,303.1289263924892,1416.20000000001,58376.64000000038,347.434953203158,41.692194384378794,10.423048596094699,72083332.12176865,614185.3050552513,130514.37732424092,35827476.128223,0.0,108655507.93237126,High-throughput molecular screening,-1106870911.363286,11199.879767845128,335.996393035353,,,,,,,,,,,
Diphtheria,2x,High-throughput molecular (route-targeted),molecular_route_targeted,False,True,False,2.75,0.047619047619047616,21.0,7.5,30.0,40.0,0.97,0.984,20.0,0.0004,9999159.922779888,110.81307825181611,757.7341418627557,141.62000000000094,5837.663999999952,868.4692201123352,104.21630641348061,26.054076603370152,7208333.212176865,1535255.3811345226,326241.7684910859,89556563.89951386,0.0,98626394.26131627,High-throughput molecular screening,-1116900025.034341,10678.845500935951,320.3653650280775,,,,,,,,,,,
Measles,0.5x,No systematic screening,none,False,False,True,5.0,0.1111111111111111,9.0,0.15000000000000002,15.0,95.0,0.0,1.0,0.0,0.01,634902.1376319515,639.1745439071304,9387088.687824134,0.0,0.0,9387665.862368044,1337742.385387448,13377.423853874472,0.0,16050854388.691969,3410806557.5970373,46814991967.01827,0.0,66276652913.30721,High-throughput molecular screening,0.0,0.0,0.0,,,,,,,,,,,
Measles,0.5x,Rapid Antigen Test (RAT),rapid,False,False,True,5.0,0.1111111111111111,9.0,0.15000000000000002,15.0,95.0,0.675,0.994,12.5,0.01,967265.7966703776,224.85045735954864,9039864.10287227,24637.5,21681.000000000062,9040068.80332961,1288209.8044744702,12882.09804474471,45052082.57610544,15454878237.58759,3284161625.4873633,45076728192.96386,0.0,63860820138.61491,High-throughput molecular screening,-2415832774.6923065,347597.0590384342,495.325809129763,,,,,,,,,,,
Measles,0.5x,Laboratory PCR,lab,False,False,True,5.0,0.1111111111111111,9.0,0.15000000000000002,15.0,95.0,0.97,0.984,100.0,0.01,1743648.856350823,25.70412926051032,8257004.339519916,35405.0,57816.00000000038,8257028.183649182,1176626.516170008,11766.265161700083,360416660.6088435,14103933610.759953,2997085892.28649,41136473031.383224,0.0,58597909195.03847,High-throughput molecular screening,-7678743718.268745,1130637.6787188612,1611.1586921743892,,,,,,,,,,,
Measles,0.5x,High-throughput molecular screening,molecular,False,False,True,5.0,0.1111111111111111,9.0,0.15000000000000002,15.0,95.0,0.97,0.984,20.0,0.01,1743648.856350823,25.70412926051032,8257004.339519916,35405.0,57816.00000000038,8257028.183649182,1176626.516170008,11766.265161700083,72083332.12176865,14103933610.759953,2997085892.28649,41136473031.383224,0.0,58309575866.55141,High-throughput molecular screening,-7967077046.755806,1130637.6787188612,1611.1586921743892,,,,,,,,,,,
Measles,0.5x,High-throughput molecular (route-targeted),molecular_route_targeted,False,True,True,5.0,0.1111111111111111,9.0,0.15000000000000002,15.0,95.0,0.97,0.984,20.0,0.01,1487256.4925312465,59.56929406465551,8514381.18817468,3540.4999999999786,5781.60000000003,8514436.107468756,1213307.1453142962,12133.071453142978,7208333.212176865,14550257908.773083,3091929805.6142783,42438252233.921524,0.0,60087648281.521065,High-throughput molecular screening,-6189004631.786148,873229.7548992876,1244.3524007314936,,,,,,,,,,,
Measles,1x,No systematic screening,none,False,False,True,5.0,0.1111111111111111,9.0,0.15000000000000002,15.0,95.0,0.0,1.0,0.0,0.02,485978.9831808965,1236.1848914050327,9558044.831927702,0.0,0.0,9559157.016819093,1362179.874896722,13621.798748967221,0.0,16344173318.619917,3473136830.2067323,47670505512.6415,0.0,67487815661.46811,High-throughput molecular screening,0.0,0.0,0.0,,,,,,,,,,,
Measles,1x,Rapid Antigen Test (RAT),rapid,False,False,True,5.0,0.1111111111111111,9.0,0.15000000000000002,15.0,95.0,0.675,0.994,12.5,0.02,749188.8654551755,426.6320067782626,9265094.002538042,49275.0,21461.999999999854,9265480.334544817,1320330.947672636,13203.309476726365,45052082.57610544,15841540106.61197,3366327272.655038,46204491977.61818,0.0,65457411439.46128,High-throughput molecular screening,-2030404222.0068283,293676.6822742764,418.48927224085674,,,,,,,,,,,
Measles,1x,Laboratory PCR,lab,False,False,True,5.0,0.1111111111111111,9.0,0.15000000000000002,15.0,95.0,0.97,0.984,100.0,0.02,1558465.7113903284,48.64148491334744,8442843.447124751,70810.0,57232.00000000035,8442888.368609682,1203111.5925268785,12031.115925268792,360416660.6088435,14426584454.114702,3065649196.49937,42077537991.16786,0.0,59930188302.39074,High-throughput molecular screening,-7557627359.07737,1116268.6482094117,1590.6828236984293,,,,,,,,,,,
Measles,1x,High-throughput molecular screening,molecular,False,False,True,5.0,0.1111111111111111,9.0,0.15000000000000002,15.0,95.0,0.97,0.984,20.0,0.02,1558465.7113903284,48.64148491334744,8442843.447124751,70810.0,57232.00000000035,8442888.368609682,1203111.5925268785,12031.115925268792,72083332.12176865,14426584454.114702,3065649196.49937,42077537991.16786,0.0,59641854973.903694,High-throughput molecular screening,-7845960687.564415,1116268.6482094117,1590.6828236984293,,,,,,,,,,,
Measles,1x,High-throughput molecular (route-targeted),molecular_route_targeted,False,True,True,5.0,0.1111111111111111,9.0,0.15000000000000002,15.0,95.0,0.97,0.984,20.0,0.02,1243648.8067838568,111.41240780124242,8759634.280808352,7080.999999999957,5723.200000000015,8759736.39321612,1248262.4360333018,12482.624360332997,7208333.212176865,14973075844.484262,3181778616.9529033,43671471213.07904,0.0,61833534007.728424,High-throughput molecular screening,-5654281653.739685,799420.6236029733,1139.1743886342247,,,,,,,,,,,
Measles,2x,No systematic screening,none,False,False,True,5.0,0.1111111111111111,9.0,0.15000000000000002,15.0,95.0,0.0,1.0,0.0,0.04,374488.03799304855,2412.8078634237654,9713619.154143523,0.0,0.0,9715783.962006954,1384499.21458599,13844.992145859922,0.0,16611323585.218504,3529906261.8589325,48449693790.22063,0.0,68590923637.29803,High-throughput molecular screening,0.0,0.0,0.0,,,,,,,,,,,
Measles,2x,Rapid Antigen Test (RAT),rapid,False,False,True,5.0,0.1111111111111111,9.0,0.15000000000000002,15.0,95.0,0.675,0.994,12.5,0.04,573628.9071871283,819.4267862581396,9454970.666026616,98550.0,21023.99999999996,9455709.492812885,1347438.6027258355,13474.386027258357,45052082.57610544,16167313111.137815,3435554036.1167903,47154663240.81867,0.0,66802582470.649445,High-throughput molecular screening,-1788341166.6485825,260074.4691940695,370.60611860156496,,,,,,,,,,,
Measles,2x,Laboratory PCR,lab,False,False,True,5.0,0.1111111111111111,9.0,0.15000000000000002,15.0,95.0,0.97,0.984,100.0,0.04,1324468.558014413,91.08969287315823,8678155.9522927,141620.0,56063.99999999966,8678239.6019856,1236649.1432829476,12366.49143282947,360416660.6088435,14832763340.93942,3151962209.949629,43262226411.07334,0.0,61607368622.57118,High-throughput molecular screening,-6983555014.726845,1037544.3600213546,1478.5007130304512,,,,,,,,,,,
Measles,2x,High-throughput molecular screening,molecular,False,False,True,5.0,0.1111111111111111,9.0,0.15000000000000002,15.0,95.0,0.97,0.984,20.0,0.04,1324468.558014413,91.08969287315823,8678155.9522927,141620.0,56063.99999999966,8678239.6019856,1236649.1432829476,12366.49143282947,72083332.12176865,14832763340.93942,3151962209.949629,43262226411.07334,0.0,61319035294.0842,High-throughput molecular screening,-7271888343.213829,1037544.3600213546,1478.5007130304512,,,,,,,,,,,
Measles,2x,High-throughput molecular (route-targeted),molecular_route_targeted,False,True,True,5.0,0.1111111111111111,9.0,0.15000000000000002,15.0,95.0,0.97,0.984,20.0,0.04,994759.1634866068,208.9789065778538,9011820.857606806,14161.999999999915,5606.399999999994,9012011.236513412,1284211.60120316,12842.11601203159,7208333.212176865,15406705620.537535,3273924944.3642287,44936224726.567856,0.0,63624063624.68176,High-throughput molecular screening,-4966860012.616264,703772.7254935429,1002.8761338283311,,,,,,,,,,,
