scenario,avian_included,prob_scenario,lead_days,n_threats,portfolio_ev,cost_per_arriving_flight,expected_deaths_averted_per_year,expected_infections_averted_per_year,flights_per_year,n_total_arrivals_per_day,avg_pax_per_flight,response_modality,vsl,horizon_days,avian_pct,portfolio_view
A_screening_only,False,low,2,4,145841.87361065572,9.989169425387377,0.03384050838583317,1091.6892970268204,14600.0,10000,250,High-throughput molecular screening,3500000,365,0.0,A_screening_only_without_avian
A_screening_only,False,low,5,4,284081.87843054795,19.457662906201914,0.07023105596936945,1441.4870727010477,14600.0,10000,250,High-throughput molecular screening,3500000,365,0.0,A_screening_only_without_avian
A_screening_only,False,low,10,4,435285.21322314464,29.814055700215388,0.11187316685635051,1556.1791798947638,14600.0,10000,250,High-throughput molecular screening,3500000,365,0.0,A_screening_only_without_avian
A_screening_only,False,low,14,4,514800.71746718534,35.260323114190776,0.134186161495296,1573.3477846332337,14600.0,10000,250,High-throughput molecular screening,3500000,365,0.0,A_screening_only_without_avian
A_screening_only,False,base,2,4,2569821.4816593397,176.0151699766671,0.580974727613447,21824.35816819636,14600.0,10000,250,High-throughput molecular screening,3500000,365,0.0,A_screening_only_without_avian
A_screening_only,False,base,5,4,4923236.1688392265,337.20795676981004,1.1950286180296892,28809.5272171014,14600.0,10000,250,High-throughput molecular screening,3500000,365,0.0,A_screening_only_without_avian
A_screening_only,False,base,10,4,7472858.513505025,511.83962421267296,1.896362434627623,31091.668962188996,14600.0,10000,250,High-throughput molecular screening,3500000,365,0.0,A_screening_only_without_avian
A_screening_only,False,base,14,4,8813775.765561402,603.6832716137947,2.2732489991931257,31429.36629925598,14600.0,10000,250,High-throughput molecular screening,3500000,365,0.0,A_screening_only_without_avian
A_screening_only,False,high,2,4,13909417.090246664,952.6998007018263,3.20365540220699,109122.36819704775,14600.0,10000,250,High-throughput molecular screening,3500000,365,0.0,A_screening_only_without_avian
A_screening_only,False,high,5,4,27036680.975715835,1851.8274640901257,6.657287811001127,144048.95423955692,14600.0,10000,250,High-throughput molecular screening,3500000,365,0.0,A_screening_only_without_avian
A_screening_only,False,high,10,4,41542938.44409417,2845.4067427461764,10.659684748737149,155460.62089321663,14600.0,10000,250,High-throughput molecular screening,3500000,365,0.0,A_screening_only_without_avian
A_screening_only,False,high,14,4,49289308.593005985,3375.9800406168483,12.838047405477406,157149.67555890695,14600.0,10000,250,High-throughput molecular screening,3500000,365,0.0,A_screening_only_without_avian
A_screening_only,True,low,2,5,380853.0466569207,26.08582511348772,0.09980096224563276,1095.3793923476485,14600.0,10000,250,High-throughput molecular screening,3500000,365,61.70652305637647,A_screening_only_with_avian
A_screening_only,True,low,5,5,704363.3750338717,48.244066783141896,0.18819341132377918,1448.0863653082874,14600.0,10000,250,High-throughput molecular screening,3500000,365,59.6682779798301,A_screening_only_with_avian
A_screening_only,True,low,10,5,971258.4076195001,66.52454846708905,0.2623174423607018,1564.5956428600423,14600.0,10000,250,High-throughput molecular screening,3500000,365,55.18337758434398,A_screening_only_with_avian
A_screening_only,True,low,14,5,1079762.4399605263,73.95633150414564,0.2927784785489102,1582.2200820907785,14600.0,10000,250,High-throughput molecular screening,3500000,365,52.32277967679581,A_screening_only_with_avian
A_screening_only,True,base,2,5,8445100.807815963,578.4315621791756,2.2299860741084374,21916.610551217058,14600.0,10000,250,High-throughput molecular screening,3500000,365,69.57026872573311,A_screening_only_with_avian
A_screening_only,True,base,5,5,15430273.583922321,1056.8680536933095,4.144087501889931,28974.50953228239,14600.0,10000,250,High-throughput molecular screening,3500000,365,68.09365600640402,A_screening_only_with_avian
A_screening_only,True,base,10,5,20872188.37341391,1429.6019433845142,5.657469322236404,31302.080536320955,14600.0,10000,250,High-throughput molecular screening,3500000,365,64.19705313208256,A_screening_only_with_avian
A_screening_only,True,base,14,5,22937818.827894922,1571.083481362666,6.23805692553348,31651.1737356946,14600.0,10000,250,High-throughput molecular screening,3500000,365,61.57535364764989,A_screening_only_with_avian
A_screening_only,True,high,2,5,55036372.37334303,3769.6145461193855,14.746734827671917,109768.13487819265,14600.0,10000,250,High-throughput molecular screening,3500000,365,74.72686427097489,A_screening_only_with_avian
A_screening_only,True,high,5,5,100585942.8812975,6889.448142554623,27.300699998022825,145203.83044582387,14600.0,10000,250,High-throughput molecular screening,3500000,365,73.12081569129187,A_screening_only_with_avian
A_screening_only,True,high,10,5,135338247.4634564,9269.742976949068,36.98743296199862,156933.50191214037,14600.0,10000,250,High-throughput molecular screening,3500000,365,69.30436205381521,A_screening_only_with_avian
A_screening_only,True,high,14,5,148157610.02934062,10147.781508858947,40.59170288985989,158702.3276139773,14600.0,10000,250,High-throughput molecular screening,3500000,365,66.73184146042523,A_screening_only_with_avian
B_screening_plus_countermeasures,False,low,2,4,213191.93563117727,14.602187371998443,0.04735571248053933,1923.2279218800081,14600.0,10000,250,High-throughput molecular screening,3500000,365,0.0,B_screening_plus_countermeasures_without_avian
B_screening_plus_countermeasures,False,low,5,4,514305.14134084724,35.22637954389365,0.12453970869046319,2951.1543232630916,14600.0,10000,250,High-throughput molecular screening,3500000,365,0.0,B_screening_plus_countermeasures_without_avian
B_screening_plus_countermeasures,False,low,10,4,1164389.1951744899,79.75268460099245,0.30079253512985504,3554.9537725354776,14600.0,10000,250,High-throughput molecular screening,3500000,365,0.0,B_screening_plus_countermeasures_without_avian
B_screening_plus_countermeasures,False,low,14,4,1917667.9359045862,131.3471188975744,0.507969935946762,3725.902254977618,14600.0,10000,250,High-throughput molecular screening,3500000,365,0.0,B_screening_plus_countermeasures_without_avian
B_screening_plus_countermeasures,False,base,2,4,3791522.103105119,259.69329473322733,0.8168372801068602,38451.22557565553,14600.0,10000,250,High-throughput molecular screening,3500000,365,0.0,B_screening_plus_countermeasures_without_avian
B_screening_plus_countermeasures,False,base,5,4,8916441.134033367,610.715146166669,2.113189135699879,58983.6985568935,14600.0,10000,250,High-throughput molecular screening,3500000,365,0.0,B_screening_plus_countermeasures_without_avian
B_screening_plus_countermeasures,False,base,10,4,19728832.674033076,1351.2899091803476,5.035367447059767,70993.5490069607,14600.0,10000,250,High-throughput molecular screening,3500000,365,0.0,B_screening_plus_countermeasures_without_avian
B_screening_plus_countermeasures,False,base,14,4,32140709.00780608,2201.4184251921974,8.448631225172738,74329.49010833571,14600.0,10000,250,High-throughput molecular screening,3500000,365,0.0,B_screening_plus_countermeasures_without_avian
B_screening_plus_countermeasures,False,high,2,4,20266618.18386837,1388.1245331416692,4.453006243210492,192256.8405736258,14600.0,10000,250,High-throughput molecular screening,3500000,365,0.0,B_screening_plus_countermeasures_without_avian
B_screening_plus_countermeasures,False,high,5,4,48181541.7275485,3300.105597777295,11.580108463627093,294920.4525193179,14600.0,10000,250,High-throughput molecular screening,3500000,365,0.0,B_screening_plus_countermeasures_without_avian
B_screening_plus_countermeasures,False,high,10,4,107117075.2483459,7336.785975914103,27.564446788220803,354972.35877307,14600.0,10000,250,High-throughput molecular screening,3500000,365,0.0,B_screening_plus_countermeasures_without_avian
B_screening_plus_countermeasures,False,high,14,4,174270112.17535296,11936.309053106368,46.06660697669377,371654.83885250136,14600.0,10000,250,High-throughput molecular screening,3500000,365,0.0,B_screening_plus_countermeasures_without_avian
B_screening_plus_countermeasures,True,low,2,5,703083.1067646475,48.156377175660786,0.1848624424074008,1930.9206060717206,14600.0,10000,250,High-throughput molecular screening,3500000,365,69.6775624986618,B_screening_plus_countermeasures_with_avian
B_screening_plus_countermeasures,True,low,5,5,2230632.408514654,152.78304167908587,0.6063065193518692,2978.1063126707227,14600.0,10000,250,High-throughput molecular screening,3500000,365,76.9435277915954,B_screening_plus_countermeasures_with_avian
B_screening_plus_countermeasures,True,low,10,5,6870625.43415192,470.59078316109037,1.902508270879495,3644.560247262728,14600.0,10000,250,High-throughput molecular screening,3500000,365,83.0526462789451,B_screening_plus_countermeasures_with_avian
B_screening_plus_countermeasures,True,low,14,5,12727730.360453255,871.7623534557024,3.5423030963655635,3895.655159056994,14600.0,10000,250,High-throughput molecular screening,3500000,365,84.93315083211509,B_screening_plus_countermeasures_with_avian
B_screening_plus_countermeasures,True,base,2,5,16038801.381441876,1098.548039824786,4.254505528278398,38643.54268044835,14600.0,10000,250,High-throughput molecular screening,3500000,365,76.36031513244998,B_screening_plus_countermeasures_with_avian
B_screening_plus_countermeasures,True,base,5,5,51824622.81337852,3549.631699546474,14.157359402235027,59657.498292084274,14600.0,10000,250,High-throughput molecular screening,3500000,365,82.79497148268375,B_screening_plus_countermeasures_with_avian
B_screening_plus_countermeasures,True,base,10,5,162384738.64846885,11122.242373182798,45.07826084080075,73233.71087514196,14600.0,10000,250,High-throughput molecular screening,3500000,365,87.85056228914334,B_screening_plus_countermeasures_with_avian
B_screening_plus_countermeasures,True,base,14,5,302392269.62152284,20711.7992891454,84.30696023564278,78573.3127103201,14600.0,10000,250,High-throughput molecular screening,3500000,365,89.37118695261829,B_screening_plus_countermeasures_with_avian
B_screening_plus_countermeasures,True,high,2,5,105997573.13222566,7260.10774878258,28.51668398041125,193603.0603071755,14600.0,10000,250,High-throughput molecular screening,3500000,365,80.88011113368891,B_screening_plus_countermeasures_with_avian
B_screening_plus_countermeasures,True,high,5,5,348538813.4829646,23872.521471435928,95.88930032937311,299637.05066565337,14600.0,10000,250,High-throughput molecular screening,3500000,365,86.17613308369646,B_screening_plus_countermeasures_with_avian
B_screening_plus_countermeasures,True,high,10,5,1105708417.0693963,75733.45322393125,307.86470054440775,370653.49185033876,14600.0,10000,250,High-throughput molecular screening,3500000,365,90.31235779752382,B_screening_plus_countermeasures_with_avian
B_screening_plus_countermeasures,True,high,14,5,2066031036.4713702,141508.97510077877,577.074910049984,401361.5970663921,14600.0,10000,250,High-throughput molecular screening,3500000,365,91.56498091756676,B_screening_plus_countermeasures_with_avian
