scenario,avian_included,prob_scenario,lead_days,threat_class,p_event,p_warning,Bd_us,Bd_base,ratio_Bd,ev_us,ev_base,deaths_averted_us,deaths_averted_base,pct_of_portfolio_ev_us,portfolio_view
A_screening_only,False,low,2,SARS-like respiratory virus,0.005,0.05,7208721180.625837,240136917.41750735,30.01921261482921,1802180.2951564593,60034.22935437684,1987.9112833678712,66.22130191598262,39.44323397054955,A_screening_only_without_avian
A_screening_only,False,low,2,Ebola-like viral haemorrhagic fever,0.001,0.05,10554186674.895939,351801365.43947506,30.000414187453494,527709.3337447969,17590.068271973752,2987.8590410958714,99.59392137991804,11.549656144437977,A_screening_only_without_avian
A_screening_only,False,low,2,Mpox-like orthopoxvirus,0.005,0.05,3163721997.596113,105453196.17316249,30.001195908761566,790930.4993990284,26363.299043290623,888.4595953531307,29.614138187233756,17.31061915729751,A_screening_only_without_avian
A_screening_only,False,low,2,High-burden enteric outbreak,0.02,0.05,1448227877.504879,40533645.990222424,35.7290305899011,1448227.8775048791,40533.64599022242,174.8680917801579,4.901952291033176,31.696490727714966,A_screening_only_without_avian
A_screening_only,False,low,5,SARS-like respiratory virus,0.005,0.05,15376104197.0831,512072967.3061444,30.027174209120957,3844026.0492707747,128018.2418265361,4241.401743433187,141.2521832429569,43.78847968911475,A_screening_only_without_avian
A_screening_only,False,low,5,Ebola-like viral haemorrhagic fever,0.001,0.05,24093457353.387283,803100113.2425077,30.000565254698095,1204672.8676693642,40155.00566212539,6821.576092350386,227.38157361756018,13.722798108502564,A_screening_only_without_avian
A_screening_only,False,low,5,Mpox-like orthopoxvirus,0.005,0.05,7298633230.114721,243274658.64189813,30.001617393525386,1824658.3075286804,60818.66466047453,2050.3200569654364,68.34031811474293,20.78524240332639,A_screening_only_without_avian
A_screening_only,False,low,5,High-burden enteric outbreak,0.02,0.05,1905266917.2283173,52976298.698916554,35.96451552904134,1905266.9172283174,52976.29869891656,231.75554922550896,6.463851949066473,21.703479799056296,A_screening_only_without_avian
A_screening_only,False,low,10,SARS-like respiratory virus,0.005,0.05,24071200191.34854,801437536.7310243,30.03502966623241,6017800.047837135,200359.38418275607,6643.490041134066,221.1917080288843,45.158245458816445,A_screening_only_without_avian
A_screening_only,False,low,10,Ebola-like viral haemorrhagic fever,0.001,0.05,41594103871.68938,1386435750.2052023,30.00074389709956,2079705.193584469,69321.78751026012,11779.018443196537,392.6241918663443,15.606340667237228,A_screening_only_without_avian
A_screening_only,False,low,10,Mpox-like orthopoxvirus,0.005,0.05,12798770222.608719,426595472.0427035,30.002123935641592,3199692.5556521798,106648.86801067588,3597.530187209947,119.90919447050297,24.01085125332821,A_screening_only_without_avian
A_screening_only,False,low,10,High-burden enteric outbreak,0.02,0.05,2028829347.4601345,56175592.903420955,36.11585107696449,2028829.3474601347,56175.592903420955,250.14515752394777,6.966731638186481,15.224562620618116,A_screening_only_without_avian
A_screening_only,False,low,14,SARS-like respiratory virus,0.005,0.05,28171013575.432796,937837818.2255151,30.038257178341592,7042753.393858199,234459.4545563788,7778.8225974114175,258.964418396031,44.83522768817501,A_screening_only_without_avian
A_screening_only,False,low,14,Ebola-like viral haemorrhagic fever,0.001,0.05,51964104510.632935,1732088540.6025465,30.000836153881625,2598205.225531647,86604.42703012732,14718.435048108924,490.60080317059226,16.540565365941443,A_screening_only_without_avian
A_screening_only,False,low,14,Mpox-like orthopoxvirus,0.005,0.05,16163476730.378876,538739647.234667,30.00238949062961,4040869.182594719,134684.91180866674,4545.655692823492,151.50981231676363,25.724781165525453,A_screening_only_without_avian
A_screening_only,False,low,14,High-burden enteric outbreak,0.02,0.05,2026252109.731101,55967073.64774212,36.20436048674569,2026252.109731101,55967.07364774212,252.71061018496528,7.037563658567738,12.899425780358092,A_screening_only_without_avian
A_screening_only,False,base,2,SARS-like respiratory virus,0.02,0.2,7208721180.625837,240136917.41750735,30.01921261482921,28834884.72250335,960547.6696700294,1987.9112833678712,66.22130191598262,35.59488040574106,A_screening_only_without_avian
A_screening_only,False,base,2,Ebola-like viral haemorrhagic fever,0.005,0.2,10554186674.895939,351801365.43947506,30.000414187453494,10554186.674895938,351801.36543947505,2987.8590410958714,99.59392137991804,13.028490180839954,A_screening_only_without_avian
A_screening_only,False,base,2,Mpox-like orthopoxvirus,0.02,0.2,3163721997.596113,105453196.17316249,30.001195908761566,12654887.990384454,421812.78469264996,888.4595953531307,29.614138187233756,15.621675928332861,A_screening_only_without_avian
A_screening_only,False,base,2,High-burden enteric outbreak,0.1,0.2,1448227877.504879,40533645.990222424,35.7290305899011,28964557.550097585,810672.9198044486,174.8680917801579,4.901952291033176,35.754953485086126,A_screening_only_without_avian
A_screening_only,False,base,5,SARS-like respiratory virus,0.02,0.2,15376104197.0831,512072967.3061444,30.027174209120957,61504416.788332395,2048291.8692245777,4241.401743433187,141.2521832429569,40.22584939020245,A_screening_only_without_avian
A_screening_only,False,base,5,Ebola-like viral haemorrhagic fever,0.005,0.2,24093457353.387283,803100113.2425077,30.000565254698095,24093457.353387285,803100.1132425077,6821.576092350386,227.38157361756018,15.757889228054259,A_screening_only_without_avian
A_screening_only,False,base,5,Mpox-like orthopoxvirus,0.02,0.2,7298633230.114721,243274658.64189813,30.001617393525386,29194532.920458887,973098.6345675925,2050.3200569654364,68.34031811474293,19.09415527534064,A_screening_only_without_avian
A_screening_only,False,base,5,High-burden enteric outbreak,0.1,0.2,1905266917.2283173,52976298.698916554,35.96451552904134,38105338.34456635,1059525.9739783313,231.75554922550896,6.463851949066473,24.92210610640265,A_screening_only_without_avian
A_screening_only,False,base,10,SARS-like respiratory virus,0.02,0.2,24071200191.34854,801437536.7310243,30.03502966623241,96284800.76539417,3205750.146924097,6643.490041134066,221.1917080288843,41.926653927742436,A_screening_only_without_avian
A_screening_only,False,base,10,Ebola-like viral haemorrhagic fever,0.005,0.2,41594103871.68938,1386435750.2052023,30.00074389709956,41594103.87168938,1386435.7502052023,11779.018443196537,392.6241918663443,18.11190950804428,A_screening_only_without_avian
A_screening_only,False,base,10,Mpox-like orthopoxvirus,0.02,0.2,12798770222.608719,426595472.0427035,30.002123935641592,51195080.890434876,1706381.8881708141,3597.530187209947,119.90919447050297,22.29259885499495,A_screening_only_without_avian
A_screening_only,False,base,10,High-burden enteric outbreak,0.1,0.2,2028829347.4601345,56175592.903420955,36.11585107696449,40576586.9492027,1123511.8580684194,250.14515752394777,6.966731638186481,17.668837709218344,A_screening_only_without_avian
A_screening_only,False,base,14,SARS-like respiratory virus,0.02,0.2,28171013575.432796,937837818.2255151,30.038257178341592,112684054.30173118,3751351.2729020608,7778.8225974114175,258.964418396031,41.76157657650544,A_screening_only_without_avian
A_screening_only,False,base,14,Ebola-like viral haemorrhagic fever,0.005,0.2,51964104510.632935,1732088540.6025465,30.000836153881625,51964104.51063293,1732088.5406025464,14718.435048108924,490.60080317059226,19.258296510520474,A_screening_only_without_avian
A_screening_only,False,base,14,Mpox-like orthopoxvirus,0.02,0.2,16163476730.378876,538739647.234667,30.00238949062961,64653906.9215155,2154958.588938668,4545.655692823492,151.50981231676363,23.961234813607906,A_screening_only_without_avian
A_screening_only,False,base,14,High-burden enteric outbreak,0.1,0.2,2026252109.731101,55967073.64774212,36.20436048674569,40525042.194622025,1119341.4729548427,252.71061018496528,7.037563658567738,15.018892099366196,A_screening_only_without_avian
A_screening_only,False,high,2,SARS-like respiratory virus,0.05,0.4,7208721180.625837,240136917.41750735,30.01921261482921,144174423.61251676,4802738.348350148,1987.9112833678712,66.22130191598262,33.0141344469175,A_screening_only_without_avian
A_screening_only,False,high,2,Ebola-like viral haemorrhagic fever,0.02,0.4,10554186674.895939,351801365.43947506,30.000414187453494,84433493.39916751,2814410.9235158004,2987.8590410958714,99.59392137991804,19.334210833363343,A_screening_only_without_avian
A_screening_only,False,high,2,Mpox-like orthopoxvirus,0.05,0.4,3163721997.596113,105453196.17316249,30.001195908761566,63274439.951922275,2109063.92346325,888.4595953531307,29.614138187233756,14.489053018449619,A_screening_only_without_avian
A_screening_only,False,high,2,High-burden enteric outbreak,0.25,0.4,1448227877.504879,40533645.990222424,35.7290305899011,144822787.7504879,4053364.5990222427,174.8680917801579,4.901952291033176,33.162601701269544,A_screening_only_without_avian
A_screening_only,False,high,5,SARS-like respiratory virus,0.05,0.4,15376104197.0831,512072967.3061444,30.027174209120957,307522083.9416621,10241459.34612289,4241.401743433187,141.2521832429569,36.75112815168115,A_screening_only_without_avian
A_screening_only,False,high,5,Ebola-like viral haemorrhagic fever,0.02,0.4,24093457353.387283,803100113.2425077,30.000565254698095,192747658.82709828,6424800.905940061,6821.576092350386,227.38157361756018,23.034748658359785,A_screening_only_without_avian
A_screening_only,False,high,5,Mpox-like orthopoxvirus,0.05,0.4,7298633230.114721,243274658.64189813,30.001617393525386,145972664.60229445,4865493.172837963,2050.3200569654364,68.34031811474293,17.44479627179877,A_screening_only_without_avian
A_screening_only,False,high,5,High-burden enteric outbreak,0.25,0.4,1905266917.2283173,52976298.698916554,35.96451552904134,190526691.72283173,5297629.869891656,231.75554922550896,6.463851949066473,22.7693269181603,A_screening_only_without_avian
A_screening_only,False,high,10,SARS-like respiratory virus,0.05,0.4,24071200191.34854,801437536.7310243,30.03502966623241,481424003.82697093,16028750.73462049,6643.490041134066,221.1917080288843,37.81702294326963,A_screening_only_without_avian
A_screening_only,False,high,10,Ebola-like viral haemorrhagic fever,0.02,0.4,41594103871.68938,1386435750.2052023,30.00074389709956,332752830.97351503,11091486.001641618,11779.018443196537,392.6241918663443,26.13854179129395,A_screening_only_without_avian
A_screening_only,False,high,10,Mpox-like orthopoxvirus,0.05,0.4,12798770222.608719,426595472.0427035,30.002123935641592,255975404.45217443,8531909.440854073,3597.530187209947,119.90919447050297,20.10748875446556,A_screening_only_without_avian
A_screening_only,False,high,10,High-burden enteric outbreak,0.25,0.4,2028829347.4601345,56175592.903420955,36.11585107696449,202882934.74601346,5617559.290342096,250.14515752394777,6.966731638186481,15.936946510970857,A_screening_only_without_avian
A_screening_only,False,high,14,SARS-like respiratory virus,0.05,0.4,28171013575.432796,937837818.2255151,30.038257178341592,563420271.508656,18756756.364510305,7778.8225974114175,258.964418396031,37.4358700618257,A_screening_only_without_avian
A_screening_only,False,high,14,Ebola-like viral haemorrhagic fever,0.02,0.4,51964104510.632935,1732088540.6025465,30.000836153881625,415712836.08506346,13856708.324820371,14718.435048108924,490.60080317059226,27.621604158902525,A_screening_only_without_avian
A_screening_only,False,high,14,Mpox-like orthopoxvirus,0.05,0.4,16163476730.378876,538739647.234667,30.00238949062961,323269534.60757756,10774792.944693342,4545.655692823492,151.50981231676363,21.47930577668293,A_screening_only_without_avian
A_screening_only,False,high,14,High-burden enteric outbreak,0.25,0.4,2026252109.731101,55967073.64774212,36.20436048674569,202625210.9731101,5596707.364774212,252.71061018496528,7.037563658567738,13.463220002588836,A_screening_only_without_avian
A_screening_only,True,low,2,SARS-like respiratory virus,0.005,0.05,7208721180.625837,240136917.41750735,30.01921261482921,1802180.2951564593,60034.22935437684,1987.9112833678712,66.22130191598262,15.482778512587721,A_screening_only_with_avian
A_screening_only,True,low,2,Avian-influenza-like respiratory virus,0.002,0.03,117847571889.17776,3904122779.469406,30.185416429243027,7070854.313350666,234247.3667681644,33184.38772879105,1099.3408976633266,60.7466808524169,A_screening_only_with_avian
A_screening_only,True,low,2,Ebola-like viral haemorrhagic fever,0.001,0.05,10554186674.895939,351801365.43947506,30.000414187453494,527709.3337447969,17590.068271973752,2987.8590410958714,99.59392137991804,4.5336233868246785,A_screening_only_with_avian
A_screening_only,True,low,2,Mpox-like orthopoxvirus,0.005,0.05,3163721997.596113,105453196.17316249,30.001195908761566,790930.4993990284,26363.299043290623,888.4595953531307,29.614138187233756,6.794992584236648,A_screening_only_with_avian
A_screening_only,True,low,2,High-burden enteric outbreak,0.02,0.05,1448227877.504879,40533645.990222424,35.7290305899011,1448227.8775048791,40533.64599022242,174.8680917801579,4.901952291033176,12.441924663934035,A_screening_only_with_avian
A_screening_only,True,low,5,SARS-like respiratory virus,0.005,0.05,15376104197.0831,512072967.3061444,30.027174209120957,3844026.0492707747,128018.2418265361,4241.401743433187,141.2521832429569,17.923470409522107,A_screening_only_with_avian
A_screening_only,True,low,5,Avian-influenza-like respiratory virus,0.002,0.03,211137677487.59918,6981924842.150679,30.240611616575542,12668260.649255952,418915.49052904075,59454.942875154826,1966.0392559068287,59.068068732293405,A_screening_only_with_avian
A_screening_only,True,low,5,Ebola-like viral haemorrhagic fever,0.001,0.05,24093457353.387283,803100113.2425077,30.000565254698095,1204672.8676693642,40155.00566212539,6821.576092350386,227.38157361756018,5.617006289778409,A_screening_only_with_avian
A_screening_only,True,low,5,Mpox-like orthopoxvirus,0.005,0.05,7298633230.114721,243274658.64189813,30.001617393525386,1824658.3075286804,60818.66466047453,2050.3200569654364,68.34031811474293,8.507801134355763,A_screening_only_with_avian
A_screening_only,True,low,5,High-burden enteric outbreak,0.02,0.05,1905266917.2283173,52976298.698916554,35.96451552904134,1905266.9172283174,52976.29869891656,231.75554922550896,6.463851949066473,8.883653434050306,A_screening_only_with_avian
A_screening_only,True,low,10,SARS-like respiratory virus,0.005,0.05,24071200191.34854,801437536.7310243,30.03502966623241,6017800.047837135,200359.38418275607,6643.490041134066,221.1917080288843,20.39971158311703,A_screening_only_with_avian
A_screening_only,True,low,10,Avian-influenza-like respiratory virus,0.002,0.03,269556829387.96082,8903850398.089415,30.274186709808404,16173409.76327765,534231.0238853649,75910.59785770126,2507.4045917391877,54.826164356360536,A_screening_only_with_avian
A_screening_only,True,low,10,Ebola-like viral haemorrhagic fever,0.001,0.05,41594103871.68938,1386435750.2052023,30.00074389709956,2079705.193584469,69321.78751026012,11779.018443196537,392.6241918663443,7.049982683004213,A_screening_only_with_avian
A_screening_only,True,low,10,Mpox-like orthopoxvirus,0.005,0.05,12798770222.608719,426595472.0427035,30.002123935641592,3199692.5556521798,106648.86801067588,3597.530187209947,119.90919447050297,10.846622481817233,A_screening_only_with_avian
A_screening_only,True,low,10,High-burden enteric outbreak,0.02,0.05,2028829347.4601345,56175592.903420955,36.11585107696449,2028829.3474601347,56175.592903420955,250.14515752394777,6.966731638186481,6.877518895700998,A_screening_only_with_avian
A_screening_only,True,low,14,SARS-like respiratory virus,0.005,0.05,28171013575.432796,937837818.2255151,30.038257178341592,7042753.393858199,234459.4545563788,7778.8225974114175,258.964418396031,21.49748624139312,A_screening_only_with_avian
A_screening_only,True,low,14,Avian-influenza-like respiratory virus,0.002,0.03,284212383011.1994,9385419840.594383,30.28233023544742,17052742.980671965,563125.190435663,80043.40171207923,2643.205284226903,52.052242511388116,A_screening_only_with_avian
A_screening_only,True,low,14,Ebola-like viral haemorrhagic fever,0.001,0.05,51964104510.632935,1732088540.6025465,30.000836153881625,2598205.225531647,86604.42703012732,14718.435048108924,490.60080317059226,7.930830168906932,A_screening_only_with_avian
A_screening_only,True,low,14,Mpox-like orthopoxvirus,0.005,0.05,16163476730.378876,538739647.234667,30.00238949062961,4040869.182594719,134684.91180866674,4545.655692823492,151.50981231676363,12.334455687722249,A_screening_only_with_avian
A_screening_only,True,low,14,High-burden enteric outbreak,0.02,0.05,2026252109.731101,55967073.64774212,36.20436048674569,2026252.109731101,55967.07364774212,252.71061018496528,7.037563658567738,6.184985390589578,A_screening_only_with_avian
A_screening_only,True,base,2,SARS-like respiratory virus,0.02,0.2,7208721180.625837,240136917.41750735,30.01921261482921,28834884.72250335,960547.6696700294,1987.9112833678712,66.22130191598262,11.185855663886281,A_screening_only_with_avian
A_screening_only,True,base,2,Avian-influenza-like respiratory virus,0.01,0.15,117847571889.17776,3904122779.469406,30.185416429243027,176771357.83376664,5856184.169204109,33184.38772879105,1099.3408976633266,68.57453786505171,A_screening_only_with_avian
A_screening_only,True,base,2,Ebola-like viral haemorrhagic fever,0.005,0.2,10554186674.895939,351801365.43947506,30.000414187453494,10554186.674895938,351801.36543947505,2987.8590410958714,99.59392137991804,4.094263248535314,A_screening_only_with_avian
A_screening_only,True,base,2,Mpox-like orthopoxvirus,0.02,0.2,3163721997.596113,105453196.17316249,30.001195908761566,12654887.990384454,421812.78469264996,888.4595953531307,29.614138187233756,4.909183853702572,A_screening_only_with_avian
A_screening_only,True,base,2,High-burden enteric outbreak,0.1,0.2,1448227877.504879,40533645.990222424,35.7290305899011,28964557.550097585,810672.9198044486,174.8680917801579,4.901952291033176,11.23615936882411,A_screening_only_with_avian
A_screening_only,True,base,5,SARS-like respiratory virus,0.02,0.2,15376104197.0831,512072967.3061444,30.027174209120957,61504416.788332395,2048291.8692245777,4241.401743433187,141.2521832429569,13.097073815681208,A_screening_only_with_avian
A_screening_only,True,base,5,Avian-influenza-like respiratory virus,0.01,0.15,211137677487.59918,6981924842.150679,30.240611616575542,316706516.23139876,10472887.263226017,59454.942875154826,1966.0392559068287,67.44115036916739,A_screening_only_with_avian
A_screening_only,True,base,5,Ebola-like viral haemorrhagic fever,0.005,0.2,24093457353.387283,803100113.2425077,30.000565254698095,24093457.353387285,803100.1132425077,6821.576092350386,227.38157361756018,5.130587458755355,A_screening_only_with_avian
A_screening_only,True,base,5,Mpox-like orthopoxvirus,0.02,0.2,7298633230.114721,243274658.64189813,30.001617393525386,29194532.920458887,973098.6345675925,2050.3200569654364,68.34031811474293,6.216837304375851,A_screening_only_with_avian
A_screening_only,True,base,5,High-burden enteric outbreak,0.1,0.2,1905266917.2283173,52976298.698916554,35.96451552904134,38105338.34456635,1059525.9739783313,231.75554922550896,6.463851949066473,8.114351052020188,A_screening_only_with_avian
A_screening_only,True,base,10,SARS-like respiratory virus,0.02,0.2,24071200191.34854,801437536.7310243,30.03502966623241,96284800.76539417,3205750.146924097,6643.490041134066,221.1917080288843,15.187216851007424,A_screening_only_with_avian
A_screening_only,True,base,10,Avian-influenza-like respiratory virus,0.01,0.15,269556829387.96082,8903850398.089415,30.274186709808404,404335244.08194125,13355775.597134123,75910.59785770126,2507.4045917391877,63.77670186325506,A_screening_only_with_avian
A_screening_only,True,base,10,Ebola-like viral haemorrhagic fever,0.005,0.2,41594103871.68938,1386435750.2052023,30.00074389709956,41594103.87168938,1386435.7502052023,11779.018443196537,392.6241918663443,6.560730979356334,A_screening_only_with_avian
A_screening_only,True,base,10,Mpox-like orthopoxvirus,0.02,0.2,12798770222.608719,426595472.0427035,30.002123935641592,51195080.890434876,1706381.8881708141,3597.530187209947,119.90919447050297,8.07511454567341,A_screening_only_with_avian
A_screening_only,True,base,10,High-burden enteric outbreak,0.1,0.2,2028829347.4601345,56175592.903420955,36.11585107696449,40576586.9492027,1123511.8580684194,250.14515752394777,6.966731638186481,6.400235760707775,A_screening_only_with_avian
A_screening_only,True,base,14,SARS-like respiratory virus,0.02,0.2,28171013575.432796,937837818.2255151,30.038257178341592,112684054.30173118,3751351.2729020608,7778.8225974114175,258.964418396031,16.18684955509801,A_screening_only_with_avian
A_screening_only,True,base,14,Avian-influenza-like respiratory virus,0.01,0.15,284212383011.1994,9385419840.594383,30.28233023544742,426318574.5167991,14078129.760891575,80043.40171207923,2643.205284226903,61.23985040305077,A_screening_only_with_avian
A_screening_only,True,base,14,Ebola-like viral haemorrhagic fever,0.005,0.2,51964104510.632935,1732088540.6025465,30.000836153881625,51964104.51063293,1732088.5406025464,14718.435048108924,490.60080317059226,7.464544537301785,A_screening_only_with_avian
A_screening_only,True,base,14,Mpox-like orthopoxvirus,0.02,0.2,16163476730.378876,538739647.234667,30.00238949062961,64653906.9215155,2154958.588938668,4545.655692823492,151.50981231676363,9.2874104590307,A_screening_only_with_avian
A_screening_only,True,base,14,High-burden enteric outbreak,0.1,0.2,2026252109.731101,55967073.64774212,36.20436048674569,40525042.194622025,1119341.4729548427,252.71061018496528,7.037563658567738,5.821345045518724,A_screening_only_with_avian
A_screening_only,True,high,2,SARS-like respiratory virus,0.05,0.4,7208721180.625837,240136917.41750735,30.01921261482921,144174423.61251676,4802738.348350148,1987.9112833678712,66.22130191598262,8.612031729989594,A_screening_only_with_avian
A_screening_only,True,high,2,Avian-influenza-like respiratory virus,0.03,0.35,117847571889.17776,3904122779.469406,30.185416429243027,1237399504.8363664,40993289.18442876,33184.38772879105,1099.3408976633266,73.91410717177325,A_screening_only_with_avian
A_screening_only,True,high,2,Ebola-like viral haemorrhagic fever,0.02,0.4,10554186674.895939,351801365.43947506,30.000414187453494,84433493.39916751,2814410.9235158004,2987.8590410958714,99.59392137991804,5.043501517174571,A_screening_only_with_avian
A_screening_only,True,high,2,Mpox-like orthopoxvirus,0.05,0.4,3163721997.596113,105453196.17316249,30.001195908761566,63274439.951922275,2109063.92346325,888.4595953531307,29.614138187233756,3.7795988422177227,A_screening_only_with_avian
A_screening_only,True,high,2,High-burden enteric outbreak,0.25,0.4,1448227877.504879,40533645.990222424,35.7290305899011,144822787.7504879,4053364.5990222427,174.8680917801579,4.901952291033176,8.650760738844879,A_screening_only_with_avian
A_screening_only,True,high,5,SARS-like respiratory virus,0.05,0.4,15376104197.0831,512072967.3061444,30.027174209120957,307522083.9416621,10241459.34612289,4241.401743433187,141.2521832429569,10.070426116144398,A_screening_only_with_avian
A_screening_only,True,high,5,Avian-influenza-like respiratory virus,0.03,0.35,211137677487.59918,6981924842.150679,30.240611616575542,2216945613.619791,73310210.84258212,59454.942875154826,1966.0392559068287,72.5983211329426,A_screening_only_with_avian
A_screening_only,True,high,5,Ebola-like viral haemorrhagic fever,0.02,0.4,24093457353.387283,803100113.2425077,30.000565254698095,192747658.82709828,6424800.905940061,6821.576092350386,227.38157361756018,6.311907855197562,A_screening_only_with_avian
A_screening_only,True,high,5,Mpox-like orthopoxvirus,0.05,0.4,7298633230.114721,243274658.64189813,30.001617393525386,145972664.60229445,4865493.172837963,2050.3200569654364,68.34031811474293,4.780167053410701,A_screening_only_with_avian
A_screening_only,True,high,5,High-burden enteric outbreak,0.25,0.4,1905266917.2283173,52976298.698916554,35.96451552904134,190526691.72283173,5297629.869891656,231.75554922550896,6.463851949066473,6.239177842304744,A_screening_only_with_avian
A_screening_only,True,high,10,SARS-like respiratory virus,0.05,0.4,24071200191.34854,801437536.7310243,30.03502966623241,481424003.82697093,16028750.73462049,6643.490041134066,221.1917080288843,11.73237143419816,A_screening_only_with_avian
A_screening_only,True,high,10,Avian-influenza-like respiratory virus,0.03,0.35,269556829387.96082,8903850398.089415,30.274186709808404,2830346708.5735884,93490429.17993884,75910.59785770126,2507.4045917391877,68.97595177759437,A_screening_only_with_avian
A_screening_only,True,high,10,Ebola-like viral haemorrhagic fever,0.02,0.4,41594103871.68938,1386435750.2052023,30.00074389709956,332752830.97351503,11091486.001641618,11779.018443196537,392.6241918663443,8.109233809964678,A_screening_only_with_avian
A_screening_only,True,high,10,Mpox-like orthopoxvirus,0.05,0.4,12798770222.608719,426595472.0427035,30.002123935641592,255975404.45217443,8531909.440854073,3597.530187209947,119.90919447050297,6.23815700750018,A_screening_only_with_avian
A_screening_only,True,high,10,High-burden enteric outbreak,0.25,0.4,2028829347.4601345,56175592.903420955,36.11585107696449,202882934.74601346,5617559.290342096,250.14515752394777,6.966731638186481,4.9442859707425875,A_screening_only_with_avian
A_screening_only,True,high,14,SARS-like respiratory virus,0.05,0.4,28171013575.432796,937837818.2255151,30.038257178341592,563420271.508656,18756756.364510305,7778.8225974114175,258.964418396031,12.550410050453177,A_screening_only_with_avian
A_screening_only,True,high,14,Avian-influenza-like respiratory virus,0.03,0.35,284212383011.1994,9385419840.594383,30.28233023544742,2984230021.6175933,98546908.32624102,80043.40171207923,2643.205284226903,66.47490754261607,A_screening_only_with_avian
A_screening_only,True,high,14,Ebola-like viral haemorrhagic fever,0.02,0.4,51964104510.632935,1732088540.6025465,30.000836153881625,415712836.08506346,13856708.324820371,14718.435048108924,490.60080317059226,9.260168332484676,A_screening_only_with_avian
A_screening_only,True,high,14,Mpox-like orthopoxvirus,0.05,0.4,16163476730.378876,538739647.234667,30.00238949062961,323269534.60757756,10774792.944693342,4545.655692823492,151.50981231676363,7.2009571208371606,A_screening_only_with_avian
A_screening_only,True,high,14,High-burden enteric outbreak,0.25,0.4,2026252109.731101,55967073.64774212,36.20436048674569,202625210.9731101,5596707.364774212,252.71061018496528,7.037563658567738,4.513556953608914,A_screening_only_with_avian
B_screening_plus_countermeasures,False,low,2,SARS-like respiratory virus,0.005,0.05,10302163616.286034,343144245.5864057,30.0228366023754,2575540.9040715084,85786.06139660142,2839.8377768669916,94.58923156347309,38.022815582101316,B_screening_plus_countermeasures_without_avian
B_screening_plus_countermeasures,False,low,2,Ebola-like viral haemorrhagic fever,0.001,0.05,13029726127.776592,434317589.15275407,30.000456931054433,651486.3063888296,21715.879457637704,3688.2548022160345,122.93994755873038,9.61791895555896,B_screening_plus_countermeasures_without_avian
B_screening_plus_countermeasures,False,low,2,Mpox-like orthopoxvirus,0.005,0.05,3814715817.1489754,127151635.8182495,30.001311368118998,953678.9542872439,31787.908954562376,1070.6790005925059,35.68773794045325,14.079201361574775,B_screening_plus_countermeasures_without_avian
B_screening_plus_countermeasures,False,low,2,High-burden enteric outbreak,0.02,0.05,2592966075.5688524,71740856.5423497,36.14350595379616,2592966.0755688525,71740.85654234969,311.9676865435016,8.639472726621221,38.28006410076495,B_screening_plus_countermeasures_without_avian
B_screening_plus_countermeasures,False,low,5,SARS-like respiratory virus,0.005,0.05,30599887382.761845,1018485138.988826,30.044510431582804,7649971.845690461,254621.28474720652,8434.443622003184,280.73150466490983,47.67446039840896,B_screening_plus_countermeasures_without_avian
B_screening_plus_countermeasures,False,low,5,Ebola-like viral haemorrhagic fever,0.001,0.05,35827782815.511765,1194229492.2557976,30.00075198933175,1791389.1407755883,59711.47461278988,10141.882743766211,338.0542617092325,11.163898687830715,B_screening_plus_countermeasures_without_avian
B_screening_plus_countermeasures,False,low,5,Mpox-like orthopoxvirus,0.005,0.05,10356771904.852386,345201497.03184354,30.00210599867999,2589192.9762130966,86300.37425796088,2906.410125063444,96.87353344447479,16.135795071958043,B_screening_plus_countermeasures_without_avian
B_screening_plus_countermeasures,False,low,5,High-burden enteric outbreak,0.02,0.05,4015714378.4005213,109518352.30848765,36.66704523721459,4015714.3784005214,109518.35230848765,484.51856279618653,13.235736077655407,25.025845841802276,B_screening_plus_countermeasures_without_avian
B_screening_plus_countermeasures,False,low,10,SARS-like respiratory virus,0.005,0.05,82744099521.99527,2748885143.0326104,30.100966470614615,20686024.88049882,687221.2857581526,22807.292366976148,757.6920910770575,57.961697704724955,B_screening_plus_countermeasures_without_avian
B_screening_plus_countermeasures,False,low,10,Ebola-like viral haemorrhagic fever,0.001,0.05,84341233749.83186,2811242678.531605,30.001406279832725,4217061.687491593,140562.13392658025,23877.21713186617,795.8698509739894,11.816095946157002,B_screening_plus_countermeasures_without_avian
B_screening_plus_countermeasures,False,low,10,Mpox-like orthopoxvirus,0.005,0.05,23824107511.406174,794035684.7787341,30.003824724886258,5956026.877851544,198508.92119468353,6684.587177312423,222.79116446027737,16.688630677452966,B_screening_plus_countermeasures_without_avian
B_screening_plus_countermeasures,False,low,10,High-burden enteric outbreak,0.02,0.05,4830015236.826917,130578216.31527328,36.98944106546175,4830015.236826917,130578.21631527328,585.6552767165473,15.878228696821871,13.533575671665076,B_screening_plus_countermeasures_without_avian
B_screening_plus_countermeasures,False,low,14,SARS-like respiratory virus,0.005,0.05,148994554703.84274,4938004530.573419,30.17302916215449,37248638.67596069,1234501.1326433546,41071.56038201988,1361.1972449041475,63.81332647380251,B_screening_plus_countermeasures_without_avian
B_screening_plus_countermeasures,False,low,14,Ebola-like viral haemorrhagic fever,0.001,0.05,135047855845.49557,4501277581.681578,30.00211682014169,6752392.792274779,225063.8790840789,38237.211714368335,1274.4836169433604,11.568010564930214,B_screening_plus_countermeasures_without_avian
B_screening_plus_countermeasures,False,low,14,Mpox-like orthopoxvirus,0.005,0.05,37386247399.228836,1245974052.5100775,30.005638820417133,9346561.849807208,311493.5131275194,10489.078927968563,349.570248858354,16.012268472894792,B_screening_plus_countermeasures_without_avian
B_screening_plus_countermeasures,False,low,14,High-burden enteric outbreak,0.02,0.05,5023660359.278928,135416537.87930387,37.09783485792919,5023660.359278928,135416.53787930388,611.7362206936192,16.5538816589685,8.606394488372484,B_screening_plus_countermeasures_without_avian
B_screening_plus_countermeasures,False,base,2,SARS-like respiratory virus,0.02,0.2,10302163616.286034,343144245.5864057,30.0228366023754,41208654.465144135,1372576.9823456227,2839.8377768669916,94.58923156347309,33.956674975533325,B_screening_plus_countermeasures_without_avian
B_screening_plus_countermeasures,False,base,2,Ebola-like viral haemorrhagic fever,0.005,0.2,13029726127.776592,434317589.15275407,30.000456931054433,13029726.127776593,434317.58915275405,3688.2548022160345,122.93994755873038,10.736729477914942,B_screening_plus_countermeasures_without_avian
B_screening_plus_countermeasures,False,base,2,Mpox-like orthopoxvirus,0.02,0.2,3814715817.1489754,127151635.8182495,30.001311368118998,15258863.268595902,508606.543272998,1070.6790005925059,35.68773794045325,12.573578711386418,B_screening_plus_countermeasures_without_avian
B_screening_plus_countermeasures,False,base,2,High-burden enteric outbreak,0.1,0.2,2592966075.5688524,71740856.5423497,36.14350595379616,51859321.51137706,1434817.1308469942,311.9676865435016,8.639472726621221,42.73301683516531,B_screening_plus_countermeasures_without_avian
B_screening_plus_countermeasures,False,base,5,SARS-like respiratory virus,0.02,0.2,30599887382.761845,1018485138.988826,30.044510431582804,122399549.53104737,4073940.5559553043,8434.443622003184,280.73150466490983,43.71901081701856,B_screening_plus_countermeasures_without_avian
B_screening_plus_countermeasures,False,base,5,Ebola-like viral haemorrhagic fever,0.005,0.2,35827782815.511765,1194229492.2557976,30.00075198933175,35827782.81551176,1194229.4922557976,10141.882743766211,338.0542617092325,12.797066904758786,B_screening_plus_countermeasures_without_avian
B_screening_plus_countermeasures,False,base,5,Mpox-like orthopoxvirus,0.02,0.2,10356771904.852386,345201497.03184354,30.00210599867999,41427087.619409546,1380805.988127374,2906.410125063444,96.87353344447479,14.797042135282794,B_screening_plus_countermeasures_without_avian
B_screening_plus_countermeasures,False,base,5,High-burden enteric outbreak,0.1,0.2,4015714378.4005213,109518352.30848765,36.66704523721459,80314287.56801043,2190367.0461697537,484.51856279618653,13.235736077655407,28.686880142939863,B_screening_plus_countermeasures_without_avian
B_screening_plus_countermeasures,False,base,10,SARS-like respiratory virus,0.02,0.2,82744099521.99527,2748885143.0326104,30.100966470614615,330976398.0879811,10995540.572130442,22807.292366976148,757.6920910770575,54.50733979341468,B_screening_plus_countermeasures_without_avian
B_screening_plus_countermeasures,False,base,10,Ebola-like viral haemorrhagic fever,0.005,0.2,84341233749.83186,2811242678.531605,30.001406279832725,84341233.74983187,2811242.678531605,23877.21713186617,795.8698509739894,13.88986137125057,B_screening_plus_countermeasures_without_avian
B_screening_plus_countermeasures,False,base,10,Mpox-like orthopoxvirus,0.02,0.2,23824107511.406174,794035684.7787341,30.003824724886258,95296430.0456247,3176142.7391149364,6684.587177312423,222.79116446027737,15.694034147460444,B_screening_plus_countermeasures_without_avian
B_screening_plus_countermeasures,False,base,10,High-burden enteric outbreak,0.1,0.2,4830015236.826917,130578216.31527328,36.98944106546175,96600304.73653835,2611564.3263054662,585.6552767165473,15.878228696821871,15.908764687874303,B_screening_plus_countermeasures_without_avian
B_screening_plus_countermeasures,False,base,14,SARS-like respiratory virus,0.02,0.2,148994554703.84274,4938004530.573419,30.17302916215449,595978218.815371,19752018.122293673,41071.56038201988,1361.1972449041475,60.74937045792424,B_screening_plus_countermeasures_without_avian
B_screening_plus_countermeasures,False,base,14,Ebola-like viral haemorrhagic fever,0.005,0.2,135047855845.49557,4501277581.681578,30.00211682014169,135047855.84549558,4501277.5816815775,38237.211714368335,1274.4836169433604,13.765724929702362,B_screening_plus_countermeasures_without_avian
B_screening_plus_countermeasures,False,base,14,Mpox-like orthopoxvirus,0.02,0.2,37386247399.228836,1245974052.5100775,30.005638820417133,149544989.59691533,4983896.21004031,10489.078927968563,349.570248858354,15.24344965359182,B_screening_plus_countermeasures_without_avian
B_screening_plus_countermeasures,False,base,14,High-burden enteric outbreak,0.1,0.2,5023660359.278928,135416537.87930387,37.09783485792919,100473207.18557857,2708330.757586078,611.7362206936192,16.5538816589685,10.24145495878157,B_screening_plus_countermeasures_without_avian
B_screening_plus_countermeasures,False,high,2,SARS-like respiratory virus,0.05,0.4,10302163616.286034,343144245.5864057,30.0228366023754,206043272.32572073,6862884.911728115,2839.8377768669916,94.58923156347309,31.901564187887228,B_screening_plus_countermeasures_without_avian
B_screening_plus_countermeasures,False,high,2,Ebola-like viral haemorrhagic fever,0.02,0.4,13029726127.776592,434317589.15275407,30.000456931054433,104237809.02221274,3474540.7132220324,3688.2548022160345,122.93994755873038,16.139081455035413,B_screening_plus_countermeasures_without_avian
B_screening_plus_countermeasures,False,high,2,Mpox-like orthopoxvirus,0.05,0.4,3814715817.1489754,127151635.8182495,30.001311368118998,76294316.34297952,2543032.7163649905,1070.6790005925059,35.68773794045325,11.812606170120052,B_screening_plus_countermeasures_without_avian
B_screening_plus_countermeasures,False,high,2,High-burden enteric outbreak,0.25,0.4,2592966075.5688524,71740856.5423497,36.14350595379616,259296607.55688524,7174085.65423497,311.9676865435016,8.639472726621221,40.1467481869573,B_screening_plus_countermeasures_without_avian
B_screening_plus_countermeasures,False,high,5,SARS-like respiratory virus,0.05,0.4,30599887382.761845,1018485138.988826,30.044510431582804,611997747.655237,20369702.779776525,8434.443622003184,280.73150466490983,40.60152799583011,B_screening_plus_countermeasures_without_avian
B_screening_plus_countermeasures,False,high,5,Ebola-like viral haemorrhagic fever,0.02,0.4,35827782815.511765,1194229492.2557976,30.00075198933175,286622262.5240941,9553835.93804638,10141.882743766211,338.0542617092325,19.015269027846056,B_screening_plus_countermeasures_without_avian
B_screening_plus_countermeasures,False,high,5,Mpox-like orthopoxvirus,0.05,0.4,10356771904.852386,345201497.03184354,30.00210599867999,207135438.09704778,6904029.940636872,2906.410125063444,96.87353344447479,13.741905621462386,B_screening_plus_countermeasures_without_avian
B_screening_plus_countermeasures,False,high,5,High-burden enteric outbreak,0.25,0.4,4015714378.4005213,109518352.30848765,36.66704523721459,401571437.8400521,10951835.230848767,484.51856279618653,13.235736077655407,26.641297354861443,B_screening_plus_countermeasures_without_avian
B_screening_plus_countermeasures,False,high,10,SARS-like respiratory virus,0.05,0.4,82744099521.99527,2748885143.0326104,30.100966470614615,1654881990.4399056,54977702.860652216,22807.292366976148,757.6920910770575,50.314196506525676,B_screening_plus_countermeasures_without_avian
B_screening_plus_countermeasures,False,high,10,Ebola-like viral haemorrhagic fever,0.02,0.4,84341233749.83186,2811242678.531605,30.001406279832725,674729869.998655,22489941.42825284,23877.21713186617,795.8698509739894,20.514146304118373,B_screening_plus_countermeasures_without_avian
B_screening_plus_countermeasures,False,high,10,Mpox-like orthopoxvirus,0.05,0.4,23824107511.406174,794035684.7787341,30.003824724886258,476482150.22812355,15880713.695574684,6684.587177312423,222.79116446027737,14.486722725199822,B_screening_plus_countermeasures_without_avian
B_screening_plus_countermeasures,False,high,10,High-burden enteric outbreak,0.25,0.4,4830015236.826917,130578216.31527328,36.98944106546175,483001523.6826917,13057821.631527329,585.6552767165473,15.878228696821871,14.68493446415613,B_screening_plus_countermeasures_without_avian
B_screening_plus_countermeasures,False,high,14,SARS-like respiratory virus,0.05,0.4,148994554703.84274,4938004530.573419,30.17302916215449,2979891094.0768557,98760090.61146839,41071.56038201988,1361.1972449041475,56.11461992351299,B_screening_plus_countermeasures_without_avian
B_screening_plus_countermeasures,False,high,14,Ebola-like viral haemorrhagic fever,0.02,0.4,135047855845.49557,4501277581.681578,30.00211682014169,1080382846.7639647,36010220.65345262,38237.211714368335,1274.4836169433604,20.344794794195,B_screening_plus_countermeasures_without_avian
B_screening_plus_countermeasures,False,high,14,Mpox-like orthopoxvirus,0.05,0.4,37386247399.228836,1245974052.5100775,30.005638820417133,747724947.9845768,24919481.050201554,10489.078927968563,349.570248858354,14.08048144674944,B_screening_plus_countermeasures_without_avian
B_screening_plus_countermeasures,False,high,14,High-burden enteric outbreak,0.25,0.4,5023660359.278928,135416537.87930387,37.09783485792919,502366035.9278928,13541653.787930388,611.7362206936192,16.5538816589685,9.460103835542562,B_screening_plus_countermeasures_without_avian
B_screening_plus_countermeasures,True,low,2,SARS-like respiratory virus,0.005,0.05,10302163616.286034,343144245.5864057,30.0228366023754,2575540.9040715084,85786.06139660142,2839.8377768669916,94.58923156347309,11.951286512435166,B_screening_plus_countermeasures_with_avian
B_screening_plus_countermeasures,True,low,2,Avian-influenza-like respiratory virus,0.002,0.03,246277520747.87158,8138317796.598728,30.261477482582347,14776651.244872294,488299.0677959237,69353.5716198249,2291.778832114358,68.56811803789444,B_screening_plus_countermeasures_with_avian
B_screening_plus_countermeasures,True,low,2,Ebola-like viral haemorrhagic fever,0.001,0.05,13029726127.776592,434317589.15275407,30.000456931054433,651486.3063888296,21715.879457637704,3688.2548022160345,122.93994755873038,3.0230929333222685,B_screening_plus_countermeasures_with_avian
B_screening_plus_countermeasures,True,low,2,Mpox-like orthopoxvirus,0.005,0.05,3814715817.1489754,127151635.8182495,30.001311368118998,953678.9542872439,31787.908954562376,1070.6790005925059,35.68773794045325,4.425357953177342,B_screening_plus_countermeasures_with_avian
B_screening_plus_countermeasures,True,low,2,High-burden enteric outbreak,0.02,0.05,2592966075.5688524,71740856.5423497,36.14350595379616,2592966.0755688525,71740.85654234969,311.9676865435016,8.639472726621221,12.032144563170787,B_screening_plus_countermeasures_with_avian
B_screening_plus_countermeasures,True,low,5,SARS-like respiratory virus,0.005,0.05,30599887382.761845,1018485138.988826,30.044510431582804,7649971.845690461,254621.28474720652,8434.443622003184,280.73150466490983,11.185789879501842,B_screening_plus_countermeasures_with_avian
B_screening_plus_countermeasures,True,low,5,Avian-influenza-like respiratory virus,0.002,0.03,872397039551.9084,28512490539.35949,30.59701285468646,52343822.37311451,1710749.4323615695,245683.86377720558,8029.446844356766,76.53714423608842,B_screening_plus_countermeasures_with_avian
B_screening_plus_countermeasures,True,low,5,Ebola-like viral haemorrhagic fever,0.001,0.05,35827782815.511765,1194229492.2557976,30.00075198933175,1791389.1407755883,59711.47461278988,10141.882743766211,338.0542617092325,2.619369446754938,B_screening_plus_countermeasures_with_avian
B_screening_plus_countermeasures,True,low,5,Mpox-like orthopoxvirus,0.005,0.05,10356771904.852386,345201497.03184354,30.00210599867999,2589192.9762130966,86300.37425796088,2906.410125063444,96.87353344447479,3.7859183240938687,B_screening_plus_countermeasures_with_avian
B_screening_plus_countermeasures,True,low,5,High-burden enteric outbreak,0.02,0.05,4015714378.4005213,109518352.30848765,36.66704523721459,4015714.3784005214,109518.35230848765,484.51856279618653,13.235736077655407,5.871778113560932,B_screening_plus_countermeasures_with_avian
B_screening_plus_countermeasures,True,low,10,SARS-like respiratory virus,0.005,0.05,82744099521.99527,2748885143.0326104,30.100966470614615,20686024.88049882,687221.2857581526,22807.292366976148,757.6920910770575,9.637601693638157,B_screening_plus_countermeasures_with_avian
B_screening_plus_countermeasures,True,low,10,Avian-influenza-like respiratory virus,0.002,0.03,2982493182841.9707,94794866503.33415,31.462602278542896,178949590.97051826,5687691.990200049,839939.5430999113,26695.262262493994,83.37246479091223,B_screening_plus_countermeasures_with_avian
B_screening_plus_countermeasures,True,low,10,Ebola-like viral haemorrhagic fever,0.001,0.05,84341233749.83186,2811242678.531605,30.001406279832725,4217061.687491593,140562.13392658025,23877.21713186617,795.8698509739894,1.9647255137868476,B_screening_plus_countermeasures_with_avian
B_screening_plus_countermeasures,True,low,10,Mpox-like orthopoxvirus,0.005,0.05,23824107511.406174,794035684.7787341,30.003824724886258,5956026.877851544,198508.92119468353,6684.587177312423,222.79116446027737,2.774907941808114,B_screening_plus_countermeasures_with_avian
B_screening_plus_countermeasures,True,low,10,High-burden enteric outbreak,0.02,0.05,4830015236.826917,130578216.31527328,36.98944106546175,4830015.236826917,130578.21631527328,585.6552767165473,15.878228696821871,2.2503000598546463,B_screening_plus_countermeasures_with_avian
B_screening_plus_countermeasures,True,low,14,SARS-like respiratory virus,0.005,0.05,148994554703.84274,4938004530.573419,30.17302916215449,37248638.67596069,1234501.1326433546,41071.56038201988,1361.1972449041475,9.158661215133368,B_screening_plus_countermeasures_with_avian
B_screening_plus_countermeasures,True,low,14,Avian-influenza-like respiratory virus,0.002,0.03,5805545256606.257,179582197415.0683,32.32806670244658,348332715.3963754,10774931.844904099,1634974.5122968727,50572.21934031336,85.64772952418757,B_screening_plus_countermeasures_with_avian
B_screening_plus_countermeasures,True,low,14,Ebola-like viral haemorrhagic fever,0.001,0.05,135047855845.49557,4501277581.681578,30.00211682014169,6752392.792274779,225063.8790840789,38237.211714368335,1274.4836169433604,1.660272164949344,B_screening_plus_countermeasures_with_avian
B_screening_plus_countermeasures,True,low,14,Mpox-like orthopoxvirus,0.005,0.05,37386247399.228836,1245974052.5100775,30.005638820417133,9346561.849807208,311493.5131275194,10489.078927968563,349.570248858354,2.2981240805431042,B_screening_plus_countermeasures_with_avian
B_screening_plus_countermeasures,True,low,14,High-burden enteric outbreak,0.02,0.05,5023660359.278928,135416537.87930387,37.09783485792919,5023660.359278928,135416.53787930388,611.7362206936192,16.5538816589685,1.2352130151866338,B_screening_plus_countermeasures_with_avian
B_screening_plus_countermeasures,True,base,2,SARS-like respiratory virus,0.02,0.2,10302163616.286034,343144245.5864057,30.0228366023754,41208654.465144135,1372576.9823456227,2839.8377768669916,94.58923156347309,8.396685912733982,B_screening_plus_countermeasures_with_avian
B_screening_plus_countermeasures,True,base,2,Avian-influenza-like respiratory virus,0.01,0.15,246277520747.87158,8138317796.598728,30.261477482582347,369416281.1218074,12207476.694898093,69353.5716198249,2291.778832114358,75.27235537995398,B_screening_plus_countermeasures_with_avian
B_screening_plus_countermeasures,True,base,2,Ebola-like viral haemorrhagic fever,0.005,0.2,13029726127.776592,434317589.15275407,30.000456931054433,13029726.127776593,434317.58915275405,3688.2548022160345,122.93994755873038,2.6549403091145303,B_screening_plus_countermeasures_with_avian
B_screening_plus_countermeasures,True,base,2,Mpox-like orthopoxvirus,0.02,0.2,3814715817.1489754,127151635.8182495,30.001311368118998,15258863.268595902,508606.543272998,1070.6790005925059,35.68773794045325,3.1091498597733964,B_screening_plus_countermeasures_with_avian
B_screening_plus_countermeasures,True,base,2,High-burden enteric outbreak,0.1,0.2,2592966075.5688524,71740856.5423497,36.14350595379616,51859321.51137706,1434817.1308469942,311.9676865435016,8.639472726621221,10.566868538424119,B_screening_plus_countermeasures_with_avian
B_screening_plus_countermeasures,True,base,5,SARS-like respiratory virus,0.02,0.2,30599887382.761845,1018485138.988826,30.044510431582804,122399549.53104737,4073940.5559553043,8434.443622003184,280.73150466490983,7.705042350779035,B_screening_plus_countermeasures_with_avian
B_screening_plus_countermeasures,True,base,5,Avian-influenza-like respiratory virus,0.01,0.15,872397039551.9084,28512490539.35949,30.59701285468646,1308595559.3278627,42768735.809039235,245683.86377720558,8029.446844356766,82.3759911151062,B_screening_plus_countermeasures_with_avian
B_screening_plus_countermeasures,True,base,5,Ebola-like viral haemorrhagic fever,0.005,0.2,35827782815.511765,1194229492.2557976,30.00075198933175,35827782.81551176,1194229.4922557976,10141.882743766211,338.0542617092325,2.255356208300493,B_screening_plus_countermeasures_with_avian
B_screening_plus_countermeasures,True,base,5,Mpox-like orthopoxvirus,0.02,0.2,10356771904.852386,345201497.03184354,30.00210599867999,41427087.619409546,1380805.988127374,2906.410125063444,96.87353344447479,2.6078320206237198,B_screening_plus_countermeasures_with_avian
B_screening_plus_countermeasures,True,base,5,High-burden enteric outbreak,0.1,0.2,4015714378.4005213,109518352.30848765,36.66704523721459,80314287.56801043,2190367.0461697537,484.51856279618653,13.235736077655407,5.055778305190558,B_screening_plus_countermeasures_with_avian
B_screening_plus_countermeasures,True,base,10,SARS-like respiratory virus,0.02,0.2,82744099521.99527,2748885143.0326104,30.100966470614615,330976398.0879811,10995540.572130442,22807.292366976148,757.6920910770575,6.514059936594239,B_screening_plus_countermeasures_with_avian
B_screening_plus_countermeasures,True,base,10,Avian-influenza-like respiratory virus,0.01,0.15,2982493182841.9707,94794866503.33415,31.462602278542896,4473739774.262957,142192299.75500122,839939.5430999113,26695.262262493994,88.04920592110562,B_screening_plus_countermeasures_with_avian
B_screening_plus_countermeasures,True,base,10,Ebola-like viral haemorrhagic fever,0.005,0.2,84341233749.83186,2811242678.531605,30.001406279832725,84341233.74983187,2811242.678531605,23877.21713186617,795.8698509739894,1.6599487303220501,B_screening_plus_countermeasures_with_avian
B_screening_plus_countermeasures,True,base,10,Mpox-like orthopoxvirus,0.02,0.2,23824107511.406174,794035684.7787341,30.003824724886258,95296430.0456247,3176142.7391149364,6684.587177312423,222.79116446027737,1.875561703634364,B_screening_plus_countermeasures_with_avian
B_screening_plus_countermeasures,True,base,10,High-burden enteric outbreak,0.1,0.2,4830015236.826917,130578216.31527328,36.98944106546175,96600304.73653835,2611564.3263054662,585.6552767165473,15.878228696821871,1.9012237083437211,B_screening_plus_countermeasures_with_avian
B_screening_plus_countermeasures,True,base,14,SARS-like respiratory virus,0.02,0.2,148994554703.84274,4938004530.573419,30.17302916215449,595978218.815371,19752018.122293673,41071.56038201988,1361.1972449041475,6.150850893984007,B_screening_plus_countermeasures_with_avian
B_screening_plus_countermeasures,True,base,14,Avian-influenza-like respiratory virus,0.01,0.15,5805545256606.257,179582197415.0683,32.32806670244658,8708317884.909386,269373296.12260246,1634974.5122968727,50572.21934031336,89.87503763805394,B_screening_plus_countermeasures_with_avian
B_screening_plus_countermeasures,True,base,14,Ebola-like viral haemorrhagic fever,0.005,0.2,135047855845.49557,4501277581.681578,30.00211682014169,135047855.84549558,4501277.5816815775,38237.211714368335,1274.4836169433604,1.3937744679813895,B_screening_plus_countermeasures_with_avian
B_screening_plus_countermeasures,True,base,14,Mpox-like orthopoxvirus,0.02,0.2,37386247399.228836,1245974052.5100775,30.005638820417133,149544989.59691533,4983896.21004031,10489.078927968563,349.570248858354,1.5433935400883685,B_screening_plus_countermeasures_with_avian
B_screening_plus_countermeasures,True,base,14,High-burden enteric outbreak,0.1,0.2,5023660359.278928,135416537.87930387,37.09783485792919,100473207.18557857,2708330.757586078,611.7362206936192,16.5538816589685,1.0369434598922922,B_screening_plus_countermeasures_with_avian
B_screening_plus_countermeasures,True,high,2,SARS-like respiratory virus,0.05,0.4,10302163616.286034,343144245.5864057,30.0228366023754,206043272.32572073,6862884.911728115,2839.8377768669916,94.58923156347309,6.3755234424775615,B_screening_plus_countermeasures_with_avian
B_screening_plus_countermeasures,True,high,2,Avian-influenza-like respiratory virus,0.03,0.35,246277520747.87158,8138317796.598728,30.261477482582347,2585913967.852651,85452336.86428663,69353.5716198249,2291.778832114358,80.01501304159156,B_screening_plus_countermeasures_with_avian
B_screening_plus_countermeasures,True,high,2,Ebola-like viral haemorrhagic fever,0.02,0.4,13029726127.776592,434317589.15275407,30.000456931054433,104237809.02221274,3474540.7132220324,3688.2548022160345,122.93994755873038,3.2253933239957435,B_screening_plus_countermeasures_with_avian
B_screening_plus_countermeasures,True,high,2,Mpox-like orthopoxvirus,0.05,0.4,3814715817.1489754,127151635.8182495,30.001311368118998,76294316.34297952,2543032.7163649905,1070.6790005925059,35.68773794045325,2.3607478025466437,B_screening_plus_countermeasures_with_avian
B_screening_plus_countermeasures,True,high,2,High-burden enteric outbreak,0.25,0.4,2592966075.5688524,71740856.5423497,36.14350595379616,259296607.55688524,7174085.65423497,311.9676865435016,8.639472726621221,8.023322389388497,B_screening_plus_countermeasures_with_avian
B_screening_plus_countermeasures,True,high,5,SARS-like respiratory virus,0.05,0.4,30599887382.761845,1018485138.988826,30.044510431582804,611997747.655237,20369702.779776525,8434.443622003184,280.73150466490983,5.737032936767227,B_screening_plus_countermeasures_with_avian
B_screening_plus_countermeasures,True,high,5,Avian-influenza-like respiratory virus,0.03,0.35,872397039551.9084,28512490539.35949,30.59701285468646,9160168915.295038,299381150.6632746,245683.86377720558,8029.446844356766,85.86990879418028,B_screening_plus_countermeasures_with_avian
B_screening_plus_countermeasures,True,high,5,Ebola-like viral haemorrhagic fever,0.02,0.4,35827782815.511765,1194229492.2557976,30.00075198933175,286622262.5240941,9553835.93804638,10141.882743766211,338.0542617092325,2.6868748566666385,B_screening_plus_countermeasures_with_avian
B_screening_plus_countermeasures,True,high,5,Mpox-like orthopoxvirus,0.05,0.4,10356771904.852386,345201497.03184354,30.00210599867999,207135438.09704778,6904029.940636872,2906.410125063444,96.87353344447479,1.9417437977303038,B_screening_plus_countermeasures_with_avian
B_screening_plus_countermeasures,True,high,5,High-burden enteric outbreak,0.25,0.4,4015714378.4005213,109518352.30848765,36.66704523721459,401571437.8400521,10951835.230848767,484.51856279618653,13.235736077655407,3.764439614655562,B_screening_plus_countermeasures_with_avian
B_screening_plus_countermeasures,True,high,10,SARS-like respiratory virus,0.05,0.4,82744099521.99527,2748885143.0326104,30.100966470614615,1654881990.4399056,54977702.860652216,22807.292366976148,757.6920910770575,4.782166997523595,B_screening_plus_countermeasures_with_avian
B_screening_plus_countermeasures,True,high,10,Avian-influenza-like respiratory virus,0.03,0.35,2982493182841.9707,94794866503.33415,31.462602278542896,31316178419.84069,995346098.2850085,839939.5430999113,26695.262262493994,90.49539229568467,B_screening_plus_countermeasures_with_avian
B_screening_plus_countermeasures,True,high,10,Ebola-like viral haemorrhagic fever,0.02,0.4,84341233749.83186,2811242678.531605,30.001406279832725,674729869.998655,22489941.42825284,23877.21713186617,795.8698509739894,1.949789130095754,B_screening_plus_countermeasures_with_avian
B_screening_plus_countermeasures,True,high,10,Mpox-like orthopoxvirus,0.05,0.4,23824107511.406174,794035684.7787341,30.003824724886258,476482150.22812355,15880713.695574684,6684.587177312423,222.79116446027737,1.3769061642421423,B_screening_plus_countermeasures_with_avian
B_screening_plus_countermeasures,True,high,10,High-burden enteric outbreak,0.25,0.4,4830015236.826917,130578216.31527328,36.98944106546175,483001523.6826917,13057821.631527329,585.6552767165473,15.878228696821871,1.395745412453841,B_screening_plus_countermeasures_with_avian
B_screening_plus_countermeasures,True,high,14,SARS-like respiratory virus,0.05,0.4,148994554703.84274,4938004530.573419,30.17302916215449,2979891094.0768557,98760090.61146839,41071.56038201988,1361.1972449041475,4.496687025814866,B_screening_plus_countermeasures_with_avian
B_screening_plus_countermeasures,True,high,14,Avian-influenza-like respiratory virus,0.03,0.35,5805545256606.257,179582197415.0683,32.32806670244658,60958225194.36569,1885613072.858217,1634974.5122968727,50572.21934031336,91.98660343428492,B_screening_plus_countermeasures_with_avian
B_screening_plus_countermeasures,True,high,14,Ebola-like viral haemorrhagic fever,0.02,0.4,135047855845.49557,4501277581.681578,30.00211682014169,1080382846.7639647,36010220.65345262,38237.211714368335,1274.4836169433604,1.6303090873398047,B_screening_plus_countermeasures_with_avian
B_screening_plus_countermeasures,True,high,14,Mpox-like orthopoxvirus,0.05,0.4,37386247399.228836,1245974052.5100775,30.005638820417133,747724947.9845768,24919481.050201554,10489.078927968563,349.570248858354,1.1283248166899702,B_screening_plus_countermeasures_with_avian
B_screening_plus_countermeasures,True,high,14,High-burden enteric outbreak,0.25,0.4,5023660359.278928,135416537.87930387,37.09783485792919,502366035.9278928,13541653.787930388,611.7362206936192,16.5538816589685,0.7580756358704491,B_screening_plus_countermeasures_with_avian
