scenario,avian_included,prob_scenario,lead_days,threat_class,p_event,p_warning,Bd_aus,Bd_base,ratio_Bd,ev_aus,ev_base,deaths_averted_aus,deaths_averted_base,pct_of_portfolio_ev_aus
A,False,low,2,SARS-like respiratory virus,0.005,0.05,1260188665.4041674,240136917.41750735,5.247792296813636,315047.1663510419,60034.22935437684,347.515716802362,66.22130191598262,49.209872941773384
A,False,low,2,Ebola-like viral haemorrhagic fever,0.001,0.05,1853823955.8264818,351801365.43947506,5.269518932965651,92691.1977913241,17590.068271973752,524.8118811080603,99.59392137991804,14.478219623309936
A,False,low,2,Mpox-like orthopoxvirus,0.005,0.05,555591899.0420732,105453196.17316249,5.268611281631971,138897.97476051832,26363.299043290623,156.02534319874258,29.614138187233756,21.69564566792095
A,False,low,2,High-burden enteric outbreak,0.02,0.05,93574959.19133198,40533645.990222424,2.308574935842294,93574.95919133199,40533.64599022242,11.45833178346566,4.901952291033176,14.61626176699573
A,False,low,5,SARS-like respiratory virus,0.005,0.05,2682579857.65178,512072967.3061444,5.238667199645381,670644.9644129451,128018.2418265361,739.9757245699767,141.2521832429569,50.75440072279854
A,False,low,5,Ebola-like viral haemorrhagic fever,0.001,0.05,4231810366.925002,803100113.2425077,5.269343506675793,211590.51834625012,40155.00566212539,1198.1512058815367,227.38157361756018,16.013167215369826
A,False,low,5,Mpox-like orthopoxvirus,0.005,0.05,1281600608.443003,243274658.64189813,5.268122111845309,320400.1521107507,60818.66466047453,360.0251640028092,68.34031811474293,24.24787864635573
A,False,low,5,High-burden enteric outbreak,0.02,0.05,118717695.80133069,52976298.698916554,2.24095866863116,118717.69580133069,52976.29869891656,14.847929111289943,6.463851949066473,8.984553415475895
A,False,low,10,SARS-like respiratory virus,0.005,0.05,4191289749.78594,801437536.7310243,5.229714803329216,1047822.437446485,200359.38418275607,1156.7805502732426,221.1917080288843,49.95892905661774
A,False,low,10,Ebola-like viral haemorrhagic fever,0.001,0.05,7305318647.176246,1386435750.2052023,5.269136089497842,365265.9323588123,69321.78751026012,2068.78958474067,392.6241918663443,17.415445737145927
A,False,low,10,Mpox-like orthopoxvirus,0.005,0.05,2247106348.7031727,426595472.0427035,5.267534458214387,561776.5871757931,106648.86801067588,631.6261930410758,119.90919447050297,26.78484031395603
A,False,low,10,High-burden enteric outbreak,0.02,0.05,122502735.30671442,56175592.903420955,2.1807110343690614,122502.73530671441,56175.592903420955,15.932307232214711,6.966731638186481,5.840784892280317
A,False,low,14,SARS-like respiratory virus,0.005,0.05,4901191271.865335,937837818.2255151,5.226054203208492,1225297.8179663338,234459.4545563788,1353.381998583548,258.964418396031,48.80320419955053
A,False,low,14,Ebola-like viral haemorrhagic fever,0.001,0.05,9126424725.858047,1732088540.6025465,5.269028985483163,456321.2362929024,86604.42703012732,2584.9889987525617,490.60080317059226,18.175122936524932
A,False,low,14,Mpox-like orthopoxvirus,0.005,0.05,2837663747.0304213,538739647.234667,5.267226500956551,709415.9367576053,134684.91180866674,798.0373211312984,151.50981231676363,28.25580060320331
A,False,low,14,High-burden enteric outbreak,0.02,0.05,119656341.78220177,55967073.64774212,2.137977456804713,119656.34178220177,55967.07364774212,16.096324029604304,7.037563658567738,4.765872260721231
A,False,base,2,SARS-like respiratory virus,0.02,0.2,1260188665.4041674,240136917.41750735,5.247792296813636,5040754.66161667,960547.6696700294,347.515716802362,66.22130191598262,45.873228462252754
A,False,base,2,Ebola-like viral haemorrhagic fever,0.005,0.2,1853823955.8264818,351801365.43947506,5.269518932965651,1853823.9558264818,351801.36543947505,524.8118811080603,99.59392137991804,16.870666311530236
A,False,base,2,Mpox-like orthopoxvirus,0.02,0.2,555591899.0420732,105453196.17316249,5.268611281631971,2222367.596168293,421812.78469264996,156.02534319874258,29.614138187233756,20.224586060976648
A,False,base,2,High-burden enteric outbreak,0.1,0.2,93574959.19133198,40533645.990222424,2.308574935842294,1871499.18382664,810672.9198044486,11.45833178346566,4.901952291033176,17.03151916524036
A,False,base,5,SARS-like respiratory virus,0.02,0.2,2682579857.65178,512072967.3061444,5.238667199645381,10730319.430607121,2048291.8692245777,739.9757245699767,141.2521832429569,47.76910393539166
A,False,base,5,Ebola-like viral haemorrhagic fever,0.005,0.2,4231810366.925002,803100113.2425077,5.269343506675793,4231810.366925002,803100.1132425077,1198.1512058815367,227.38157361756018,18.839121291757362
A,False,base,5,Mpox-like orthopoxvirus,0.02,0.2,1281600608.443003,243274658.64189813,5.268122111845309,5126402.433772012,973098.6345675925,360.0251640028092,68.34031811474293,22.82165524122188
A,False,base,5,High-burden enteric outbreak,0.1,0.2,118717695.80133069,52976298.698916554,2.24095866863116,2374353.916026614,1059525.9739783313,14.847929111289943,6.463851949066473,10.570119531629095
A,False,base,10,SARS-like respiratory virus,0.02,0.2,4191289749.78594,801437536.7310243,5.229714803329216,16765158.99914376,3205750.146924097,1156.7805502732426,221.1917080288843,47.21388647469982
A,False,base,10,Ebola-like viral haemorrhagic fever,0.005,0.2,7305318647.176246,1386435750.2052023,5.269136089497842,7305318.647176246,1386435.7502052023,2068.78958474067,392.6241918663443,20.57317113943879
A,False,base,10,Mpox-like orthopoxvirus,0.02,0.2,2247106348.7031727,426595472.0427035,5.267534458214387,8988425.39481269,1706381.8881708141,631.6261930410758,119.90919447050297,25.31312087160458
A,False,base,10,High-burden enteric outbreak,0.1,0.2,122502735.30671442,56175592.903420955,2.1807110343690614,2450054.7061342886,1123511.8580684194,15.932307232214711,6.966731638186481,6.8998215142568124
A,False,base,14,SARS-like respiratory virus,0.02,0.2,4901191271.865335,937837818.2255151,5.226054203208492,19604765.08746134,3751351.2729020608,1353.381998583548,258.964418396031,46.156040444166706
A,False,base,14,Ebola-like viral haemorrhagic fever,0.005,0.2,9126424725.858047,1732088540.6025465,5.269028985483163,9126424.725858048,1732088.5406025464,2584.9889987525617,490.60080317059226,21.486594043749097
A,False,base,14,Mpox-like orthopoxvirus,0.02,0.2,2837663747.0304213,538739647.234667,5.267226500956551,11350654.988121685,2154958.588938668,798.0373211312984,151.50981231676363,26.72316084188122
A,False,base,14,High-burden enteric outbreak,0.1,0.2,119656341.78220177,55967073.64774212,2.137977456804713,2393126.8356440356,1119341.4729548427,16.096324029604304,7.037563658567738,5.634204670202969
A,False,high,2,SARS-like respiratory virus,0.05,0.4,1260188665.4041674,240136917.41750735,5.247792296813636,25203773.30808335,4802738.348350148,347.515716802362,66.22130191598262,41.656582630795704
A,False,high,2,Ebola-like viral haemorrhagic fever,0.02,0.4,1853823955.8264818,351801365.43947506,5.269518932965651,14830591.646611854,2814410.9235158004,524.8118811080603,99.59392137991804,24.511876013126066
A,False,high,2,Mpox-like orthopoxvirus,0.05,0.4,555591899.0420732,105453196.17316249,5.268611281631971,11111837.980841467,2109063.92346325,156.02534319874258,29.614138187233756,18.365551513688686
A,False,high,2,High-burden enteric outbreak,0.25,0.4,93574959.19133198,40533645.990222424,2.308574935842294,9357495.9191332,4053364.5990222427,11.45833178346566,4.901952291033176,15.46598984238954
A,False,high,5,SARS-like respiratory virus,0.05,0.4,2682579857.65178,512072967.3061444,5.238667199645381,53651597.15303561,10241459.34612289,739.9757245699767,141.2521832429569,42.91789172826042
A,False,high,5,Ebola-like viral haemorrhagic fever,0.02,0.4,4231810366.925002,803100113.2425077,5.269343506675793,33854482.93540002,6424800.905940061,1198.1512058815367,227.38157361756018,27.081449765480638
A,False,high,5,Mpox-like orthopoxvirus,0.05,0.4,1281600608.443003,243274658.64189813,5.268122111845309,25632012.168860063,4865493.172837963,360.0251640028092,68.34031811474293,20.50399207879588
A,False,high,5,High-burden enteric outbreak,0.25,0.4,118717695.80133069,52976298.698916554,2.24095866863116,11871769.58013307,5297629.869891656,14.847929111289943,6.463851949066473,9.496666427463074
A,False,high,10,SARS-like respiratory virus,0.05,0.4,4191289749.78594,801437536.7310243,5.229714803329216,83825794.99571882,16028750.73462049,1156.7805502732426,221.1917080288843,42.02621178974365
A,False,high,10,Ebola-like viral haemorrhagic fever,0.02,0.4,7305318647.176246,1386435750.2052023,5.269136089497842,58442549.17740997,11091486.001641618,2068.78958474067,392.6241918663443,29.30027623821259
A,False,high,10,Mpox-like orthopoxvirus,0.05,0.4,2247106348.7031727,426595472.0427035,5.267534458214387,44942126.97406346,8531909.440854073,631.6261930410758,119.90919447050297,22.531815494144787
A,False,high,10,High-burden enteric outbreak,0.25,0.4,122502735.30671442,56175592.903420955,2.1807110343690614,12250273.530671442,5617559.290342096,15.932307232214711,6.966731638186481,6.141696477898985
A,False,high,14,SARS-like respiratory virus,0.05,0.4,4901191271.865335,937837818.2255151,5.226054203208492,98023825.43730673,18756756.364510305,1353.381998583548,258.964418396031,40.88514532416641
A,False,high,14,Ebola-like viral haemorrhagic fever,0.02,0.4,9126424725.858047,1732088540.6025465,5.269028985483163,73011397.80686438,13856708.324820371,2584.9889987525617,490.60080317059226,30.452612886071748
A,False,high,14,Mpox-like orthopoxvirus,0.05,0.4,2837663747.0304213,538739647.234667,5.267226500956551,56753274.940608434,10774792.944693342,798.0373211312984,151.50981231676363,23.671448071093575
A,False,high,14,High-burden enteric outbreak,0.25,0.4,119656341.78220177,55967073.64774212,2.137977456804713,11965634.178220177,5596707.364774212,16.096324029604304,7.037563658567738,4.99079371866826
A,True,low,2,SARS-like respiratory virus,0.005,0.05,1260188665.4041674,240136917.41750735,5.247792296813636,315047.1663510419,60034.22935437684,347.515716802362,66.22130191598262,17.24444890289847
A,True,low,2,Avian-influenza-like respiratory virus,0.002,0.03,19778950058.358063,3904122779.469406,5.0661700913633005,1186737.0035014837,234247.3667681644,5569.111090275571,1099.3408976633266,64.95733910286128
A,True,low,2,Ebola-like viral haemorrhagic fever,0.001,0.05,1853823955.8264818,351801365.43947506,5.269518932965651,92691.1977913241,17590.068271973752,524.8118811080603,99.59392137991804,5.073553406539496
A,True,low,2,Mpox-like orthopoxvirus,0.005,0.05,555591899.0420732,105453196.17316249,5.268611281631971,138897.97476051832,26363.299043290623,156.02534319874258,29.614138187233756,7.602731540854305
A,True,low,2,High-burden enteric outbreak,0.02,0.05,93574959.19133198,40533645.990222424,2.308574935842294,93574.95919133199,40533.64599022242,11.45833178346566,4.901952291033176,5.121927046846449
A,True,low,5,SARS-like respiratory virus,0.005,0.05,2682579857.65178,512072967.3061444,5.238667199645381,670644.9644129451,128018.2418265361,739.9757245699767,141.2521832429569,19.608317108718737
A,True,low,5,Avian-influenza-like respiratory virus,0.002,0.03,34980888545.6154,6981924842.150679,5.0102069753646985,2098853.3127369243,418915.49052904075,9849.552564636691,1966.0392559068287,61.36627202868183
A,True,low,5,Ebola-like viral haemorrhagic fever,0.001,0.05,4231810366.925002,803100113.2425077,5.269343506675793,211590.51834625012,40155.00566212539,1198.1512058815367,227.38157361756018,6.186483461578285
A,True,low,5,Mpox-like orthopoxvirus,0.005,0.05,1281600608.443003,243274658.64189813,5.268122111845309,320400.1521107507,60818.66466047453,360.0251640028092,68.34031811474293,9.367859475048421
A,True,low,5,High-burden enteric outbreak,0.02,0.05,118717695.80133069,52976298.698916554,2.24095866863116,118717.69580133069,52976.29869891656,14.847929111289943,6.463851949066473,3.471067925972734
A,True,low,10,SARS-like respiratory virus,0.005,0.05,4191289749.78594,801437536.7310243,5.229714803329216,1047822.437446485,200359.38418275607,1156.7805502732426,221.1917080288843,22.030072308184774
A,True,low,10,Avian-influenza-like respiratory virus,0.002,0.03,44316000576.58044,8903850398.089415,4.9771726382655475,2658960.0345948264,534231.0238853649,12478.852540252818,2507.4045917391877,55.90363379643624
A,True,low,10,Ebola-like viral haemorrhagic fever,0.001,0.05,7305318647.176246,1386435750.2052023,5.269136089497842,365265.9323588123,69321.78751026012,2068.78958474067,392.6241918663443,7.679578728234798
A,True,low,10,Mpox-like orthopoxvirus,0.005,0.05,2247106348.7031727,426595472.0427035,5.267534458214387,561776.5871757931,106648.86801067588,631.6261930410758,119.90919447050297,11.811141271881823
A,True,low,10,High-burden enteric outbreak,0.02,0.05,122502735.30671442,56175592.903420955,2.1807110343690614,122502.73530671441,56175.592903420955,15.932307232214711,6.966731638186481,2.575573895262355
A,True,low,14,SARS-like respiratory virus,0.005,0.05,4901191271.865335,937837818.2255151,5.226054203208492,1225297.8179663338,234459.4545563788,1353.381998583548,258.964418396031,23.07955086577352
A,True,low,14,Avian-influenza-like respiratory virus,0.002,0.03,46638800041.82841,9385419840.594383,4.969282230732339,2798328.0025097043,563125.190435663,13133.888591664509,2643.205284226903,52.70894351238911
A,True,low,14,Ebola-like viral haemorrhagic fever,0.001,0.05,9126424725.858047,1732088540.6025465,5.269028985483163,456321.2362929024,86604.42703012732,2584.9889987525617,490.60080317059226,8.595207654604724
A,True,low,14,Mpox-like orthopoxvirus,0.005,0.05,2837663747.0304213,538739647.234667,5.267226500956551,709415.9367576053,134684.91180866674,798.0373211312984,151.50981231676363,13.362466624287569
A,True,low,14,High-burden enteric outbreak,0.02,0.05,119656341.78220177,55967073.64774212,2.137977456804713,119656.34178220177,55967.07364774212,16.096324029604304,7.037563658567738,2.2538313429450545
A,True,base,2,SARS-like respiratory virus,0.02,0.2,1260188665.4041674,240136917.41750735,5.247792296813636,5040754.66161667,960547.6696700294,347.515716802362,66.22130191598262,12.398284967554229
A,True,base,2,Avian-influenza-like respiratory virus,0.01,0.15,19778950058.358063,3904122779.469406,5.0661700913633005,29668425.087537095,5856184.169204109,5569.111090275571,1099.3408976633266,72.97272203599908
A,True,base,2,Ebola-like viral haemorrhagic fever,0.005,0.2,1853823955.8264818,351801365.43947506,5.269518932965651,1853823.9558264818,351801.36543947505,524.8118811080603,99.59392137991804,4.559681878396336
A,True,base,2,Mpox-like orthopoxvirus,0.02,0.2,555591899.0420732,105453196.17316249,5.268611281631971,2222367.596168293,421812.78469264996,156.02534319874258,29.614138187233756,5.466155091768741
A,True,base,2,High-burden enteric outbreak,0.1,0.2,93574959.19133198,40533645.990222424,2.308574935842294,1871499.18382664,810672.9198044486,11.45833178346566,4.901952291033176,4.603156026281599
A,True,base,5,SARS-like respiratory virus,0.02,0.2,2682579857.65178,512072967.3061444,5.238667199645381,10730319.430607121,2048291.8692245777,739.9757245699767,141.2521832429569,14.31965206111116
A,True,base,5,Avian-influenza-like respiratory virus,0.01,0.15,34980888545.6154,6981924842.150679,5.0102069753646985,52471332.81842311,10472887.263226017,9849.552564636691,1966.0392559068287,70.02319306537825
A,True,base,5,Ebola-like viral haemorrhagic fever,0.005,0.2,4231810366.925002,803100113.2425077,5.269343506675793,4231810.366925002,803100.1132425077,1198.1512058815367,227.38157361756018,5.647367017809324
A,True,base,5,Mpox-like orthopoxvirus,0.02,0.2,1281600608.443003,243274658.64189813,5.268122111845309,5126402.433772012,973098.6345675925,360.0251640028092,68.34031811474293,6.841203530946069
A,True,base,5,High-burden enteric outbreak,0.1,0.2,118717695.80133069,52976298.698916554,2.24095866863116,2374353.916026614,1059525.9739783313,14.847929111289943,6.463851949066473,3.168584324755199
A,True,base,10,SARS-like respiratory virus,0.02,0.2,4191289749.78594,801437536.7310243,5.229714803329216,16765158.99914376,3205750.146924097,1156.7805502732426,221.1917080288843,16.439176924553777
A,True,base,10,Avian-influenza-like respiratory virus,0.01,0.15,44316000576.58044,8903850398.089415,4.9771726382655475,66474000.86487066,13355775.597134123,12478.852540252818,2507.4045917391877,65.18147911131416
A,True,base,10,Ebola-like viral haemorrhagic fever,0.005,0.2,7305318647.176246,1386435750.2052023,5.269136089497842,7305318.647176246,1386435.7502052023,2068.78958474067,392.6241918663443,7.163273890650584
A,True,base,10,Mpox-like orthopoxvirus,0.02,0.2,2247106348.7031727,426595472.0427035,5.267534458214387,8988425.39481269,1706381.8881708141,631.6261930410758,119.90919447050297,8.813654278257935
A,True,base,10,High-burden enteric outbreak,0.1,0.2,122502735.30671442,56175592.903420955,2.1807110343690614,2450054.7061342886,1123511.8580684194,15.932307232214711,6.966731638186481,2.4024157952235483
A,True,base,14,SARS-like respiratory virus,0.02,0.2,4901191271.865335,937837818.2255151,5.226054203208492,19604765.08746134,3751351.2729020608,1353.381998583548,258.964418396031,17.436815835634192
A,True,base,14,Avian-influenza-like respiratory virus,0.01,0.15,46638800041.82841,9385419840.594383,4.969282230732339,69958200.0627426,14078129.760891575,13133.888591664509,2643.205284226903,62.222028432601626
A,True,base,14,Ebola-like viral haemorrhagic fever,0.005,0.2,9126424725.858047,1732088540.6025465,5.269028985483163,9126424.725858048,1732088.5406025464,2584.9889987525617,490.60080317059226,8.117199388649846
A,True,base,14,Mpox-like orthopoxvirus,0.02,0.2,2837663747.0304213,538739647.234667,5.267226500956551,11350654.988121685,2154958.588938668,798.0373211312984,151.50981231676363,10.095468104756025
A,True,base,14,High-burden enteric outbreak,0.1,0.2,119656341.78220177,55967073.64774212,2.137977456804713,2393126.8356440356,1119341.4729548427,16.096324029604304,7.037563658567738,2.128488238358309
A,True,high,2,SARS-like respiratory virus,0.05,0.4,1260188665.4041674,240136917.41750735,5.247792296813636,25203773.30808335,4802738.348350148,347.515716802362,66.22130191598262,9.397987158616512
A,True,high,2,Avian-influenza-like respiratory virus,0.03,0.35,19778950058.358063,3904122779.469406,5.0661700913633005,207678975.61275965,40993289.18442876,5569.111090275571,1099.3408976633266,77.43937076665333
A,True,high,2,Ebola-like viral haemorrhagic fever,0.02,0.4,1853823955.8264818,351801365.43947506,5.269518932965651,14830591.646611854,2814410.9235158004,524.8118811080603,99.59392137991804,5.530033465459012
A,True,high,2,Mpox-like orthopoxvirus,0.05,0.4,555591899.0420732,105453196.17316249,5.268611281631971,11111837.980841467,2109063.92346325,156.02534319874258,29.614138187233756,4.143383983662594
A,True,high,2,High-burden enteric outbreak,0.25,0.4,93574959.19133198,40533645.990222424,2.308574935842294,9357495.9191332,4053364.5990222427,11.45833178346566,4.901952291033176,3.4892246256085633
A,True,high,5,SARS-like respiratory virus,0.05,0.4,2682579857.65178,512072967.3061444,5.238667199645381,53651597.15303561,10241459.34612289,739.9757245699767,141.2521832429569,10.897947483436415
A,True,high,5,Avian-influenza-like respiratory virus,0.03,0.35,34980888545.6154,6981924842.150679,5.0102069753646985,367299329.7289617,73310210.84258212,9849.552564636691,1966.0392559068287,74.60744914396534
A,True,high,5,Ebola-like viral haemorrhagic fever,0.02,0.4,4231810366.925002,803100113.2425077,5.269343506675793,33854482.93540002,6424800.905940061,1198.1512058815367,227.38157361756018,6.876670904251147
A,True,high,5,Mpox-like orthopoxvirus,0.05,0.4,1281600608.443003,243274658.64189813,5.268122111845309,25632012.168860063,4865493.172837963,360.0251640028092,68.34031811474293,5.206486616125559
A,True,high,5,High-burden enteric outbreak,0.25,0.4,118717695.80133069,52976298.698916554,2.24095866863116,11871769.58013307,5297629.869891656,14.847929111289943,6.463851949066473,2.4114458522215294
A,True,high,10,SARS-like respiratory virus,0.05,0.4,4191289749.78594,801437536.7310243,5.229714803329216,83825794.99571882,16028750.73462049,1156.7805502732426,221.1917080288843,12.609577984167208
A,True,high,10,Avian-influenza-like respiratory virus,0.03,0.35,44316000576.58044,8903850398.089415,4.9771726382655475,465318006.05409455,93490429.17993884,12478.852540252818,2507.4045917391877,69.99592052871027
A,True,high,10,Ebola-like viral haemorrhagic fever,0.02,0.4,7305318647.176246,1386435750.2052023,5.269136089497842,58442549.17740997,11091486.001641618,2068.78958474067,392.6241918663443,8.79127816782072
A,True,high,10,Mpox-like orthopoxvirus,0.05,0.4,2247106348.7031727,426595472.0427035,5.267534458214387,44942126.97406346,8531909.440854073,631.6261930410758,119.90919447050297,6.760463827187569
A,True,high,10,High-burden enteric outbreak,0.25,0.4,122502735.30671442,56175592.903420955,2.1807110343690614,12250273.530671442,5617559.290342096,15.932307232214711,6.966731638186481,1.8427594921142123
A,True,high,14,SARS-like respiratory virus,0.05,0.4,4901191271.865335,937837818.2255151,5.226054203208492,98023825.43730673,18756756.364510305,1353.381998583548,258.964418396031,13.437833392084713
A,True,high,14,Avian-influenza-like respiratory virus,0.03,0.35,46638800041.82841,9385419840.594383,4.969282230732339,489707400.43919826,98546908.32624102,13133.888591664509,2643.205284226903,67.13272440261605
A,True,high,14,Ebola-like viral haemorrhagic fever,0.02,0.4,9126424725.858047,1732088540.6025465,5.269028985483163,73011397.80686438,13856708.324820371,2584.9889987525617,490.60080317059226,10.00894420386966
A,True,high,14,Mpox-like orthopoxvirus,0.05,0.4,2837663747.0304213,538739647.234667,5.267226500956551,56753274.940608434,10774792.944693342,798.0373211312984,151.50981231676363,7.780160075417952
A,True,high,14,High-burden enteric outbreak,0.25,0.4,119656341.78220177,55967073.64774212,2.137977456804713,11965634.178220177,5596707.364774212,16.096324029604304,7.037563658567738,1.6403379260116242
B,False,low,2,SARS-like respiratory virus,0.005,0.05,1799321321.4407456,343144245.5864057,5.243629594795773,449830.3303601864,85786.06139660142,495.99006818689963,94.58923156347309,50.47273665282042
B,False,low,2,Ebola-like viral haemorrhagic fever,0.001,0.05,2288623198.112975,434317589.15275407,5.269469289921027,114431.15990564876,21715.879457637704,647.8280454633473,122.93994755873038,12.839627319416042
B,False,low,2,Mpox-like orthopoxvirus,0.005,0.05,669895500.2423804,127151635.8182495,5.268477247118777,167473.8750605951,31787.908954562376,188.0199626954256,35.68773794045325,18.79122909607367
B,False,low,2,High-burden enteric outbreak,0.02,0.05,159498913.19975662,71740856.5423497,2.2232646902619853,159498.91319975661,71740.85654234969,19.353620688462883,8.639472726621221,17.896406931689857
B,False,low,5,SARS-like respiratory virus,0.005,0.05,5315412701.553929,1018485138.988826,5.218939872633965,1328853.1753884824,254621.28474720652,1465.1176065036998,280.73150466490983,57.052612355117795
B,False,low,5,Ebola-like viral haemorrhagic fever,0.001,0.05,6292546478.924607,1194229492.2557976,5.269126679360869,314627.3239462304,59711.47461278988,1781.249940735097,338.0542617092325,13.508121951986674
B,False,low,5,Mpox-like orthopoxvirus,0.005,0.05,1818367921.678754,345201497.03184354,5.267555144788426,454591.9804196885,86300.37425796088,510.28655658398975,96.87353344447479,19.517325554832386
B,False,low,5,High-burden enteric outbreak,0.02,0.05,231098999.92680907,109518352.30848765,2.1101394885476097,231098.99992680908,109518.35230848765,28.307430410347408,13.235736077655407,9.921940138063135
B,False,low,10,SARS-like respiratory virus,0.005,0.05,14173657597.847898,2748885143.0326104,5.156147623618538,3543414.399461975,687221.2857581526,3906.743154303129,757.6920910770575,63.32923902890344
B,False,low,10,Ebola-like viral haemorrhagic fever,0.001,0.05,14810658668.344456,2811242678.531605,5.268367182046518,740532.9334172228,140562.13392658025,4192.931833992828,795.8698509739894,13.235083978965356
B,False,low,10,Mpox-like orthopoxvirus,0.005,0.05,4181044424.558773,794035684.7787341,5.265562372960432,1045261.1061396933,198508.92119468353,1173.1206258760012,222.79116446027737,18.68130085162708
B,False,low,10,High-burden enteric outbreak,0.02,0.05,266018116.35588908,130578216.31527328,2.037231966116035,266018.11635588907,130578.21631527328,33.12155394803091,15.878228696821871,4.754376140504119
B,False,low,14,SARS-like respiratory virus,0.005,0.05,25080010809.472435,4938004530.573419,5.078976872983965,6270002.702368109,1234501.1326433546,6913.373660548568,1361.1972449041475,66.93799070952164
B,False,low,14,Ebola-like viral haemorrhagic fever,0.001,0.05,23710672163.43752,4501277581.681578,5.267542766065037,1185533.608171876,225063.8790840789,6713.390747321156,1274.4836169433604,12.656651267416901
B,False,low,14,Mpox-like orthopoxvirus,0.005,0.05,6558136392.793771,1245974052.5100775,5.263461449764604,1639534.0981984427,311493.5131275194,1839.949190811516,349.570248858354,17.50352008487988
B,False,low,14,High-burden enteric outbreak,0.02,0.05,271811739.8113766,135416537.87930387,2.007227064493711,271811.73981137655,135416.53787930388,34.32102041276757,16.5538816589685,2.9018379381815853
B,False,base,2,SARS-like respiratory virus,0.02,0.2,1799321321.4407456,343144245.5864057,5.243629594795773,7197285.285762982,1372576.9823456227,495.99006818689963,94.58923156347309,46.871153225500855
B,False,base,2,Ebola-like viral haemorrhagic fever,0.005,0.2,2288623198.112975,434317589.15275407,5.269469289921027,2288623.1981129753,434317.58915275405,647.8280454633473,122.93994755873038,14.904287427147242
B,False,base,2,Mpox-like orthopoxvirus,0.02,0.2,669895500.2423804,127151635.8182495,5.268477247118777,2679582.0009695217,508606.543272998,188.0199626954256,35.68773794045325,17.450343228185975
B,False,base,2,High-burden enteric outbreak,0.1,0.2,159498913.19975662,71740856.5423497,2.2232646902619853,3189978.263995133,1434817.1308469942,19.353620688462883,8.639472726621221,20.774216119165928
B,False,base,5,SARS-like respiratory virus,0.02,0.2,5315412701.553929,1018485138.988826,5.218939872633965,21261650.80621572,4073940.5559553043,1465.1176065036998,280.73150466490983,53.89566538899599
B,False,base,5,Ebola-like viral haemorrhagic fever,0.005,0.2,6292546478.924607,1194229492.2557976,5.269126679360869,6292546.478924608,1194229.4922557976,1781.249940735097,338.0542617092325,15.950830091409445
B,False,base,5,Mpox-like orthopoxvirus,0.02,0.2,1818367921.678754,345201497.03184354,5.267555144788426,7273471.686715016,1380805.988127374,510.28655658398975,96.87353344447479,18.43735464458514
B,False,base,5,High-burden enteric outbreak,0.1,0.2,231098999.92680907,109518352.30848765,2.1101394885476097,4621979.998536183,2190367.0461697537,28.307430410347408,13.235736077655407,11.716149875009423
B,False,base,10,SARS-like respiratory virus,0.02,0.2,14173657597.847898,2748885143.0326104,5.156147623618538,56694630.3913916,10995540.572130442,3906.743154303129,757.6920910770575,60.60367073447519
B,False,base,10,Ebola-like viral haemorrhagic fever,0.005,0.2,14810658668.344456,2811242678.531605,5.268367182046518,14810658.668344457,2811242.678531605,4192.931833992828,795.8698509739894,15.831839366454975
B,False,base,10,Mpox-like orthopoxvirus,0.02,0.2,4181044424.558773,794035684.7787341,5.265562372960432,16724177.698235093,3176142.7391149364,1173.1206258760012,222.79116446027737,17.877293696628236
B,False,base,10,High-burden enteric outbreak,0.1,0.2,266018116.35588908,130578216.31527328,2.037231966116035,5320362.327117783,2611564.3263054662,33.12155394803091,15.878228696821871,5.687196202441597
B,False,base,14,SARS-like respiratory virus,0.02,0.2,25080010809.472435,4938004530.573419,5.078976872983965,100320043.23788974,19752018.122293673,6913.373660548568,1361.1972449041475,64.4318356604708
B,False,base,14,Ebola-like viral haemorrhagic fever,0.005,0.2,23710672163.43752,4501277581.681578,5.267542766065037,23710672.16343752,4501277.5816815775,6713.390747321156,1274.4836169433604,15.228483590374916
B,False,base,14,Mpox-like orthopoxvirus,0.02,0.2,6558136392.793771,1245974052.5100775,5.263461449764604,26232545.571175084,4983896.21004031,1839.949190811516,349.570248858354,16.848189161858244
B,False,base,14,High-burden enteric outbreak,0.1,0.2,271811739.8113766,135416537.87930387,2.007227064493711,5436234.796227532,2708330.757586078,34.32102041276757,16.5538816589685,3.4914915872960237
B,False,high,2,SARS-like respiratory virus,0.05,0.4,1799321321.4407456,343144245.5864057,5.243629594795773,35986426.42881492,6862884.911728115,495.99006818689963,94.58923156347309,43.02372540753729
B,False,high,2,Ebola-like viral haemorrhagic fever,0.02,0.4,2288623198.112975,434317589.15275407,5.269469289921027,18308985.584903803,3474540.7132220324,647.8280454633473,122.93994755873038,21.889385706403985
B,False,high,2,Mpox-like orthopoxvirus,0.05,0.4,669895500.2423804,127151635.8182495,5.268477247118777,13397910.00484761,2543032.7163649905,188.0199626954256,35.68773794045325,16.01792837707011
B,False,high,2,High-burden enteric outbreak,0.25,0.4,159498913.19975662,71740856.5423497,2.2232646902619853,15949891.319975663,7174085.65423497,19.353620688462883,8.639472726621221,19.068960508988603
B,False,high,5,SARS-like respiratory virus,0.05,0.4,5315412701.553929,1018485138.988826,5.218939872633965,106308254.0310786,20369702.779776525,1465.1176065036998,280.73150466490983,49.18811755516384
B,False,high,5,Ebola-like viral haemorrhagic fever,0.02,0.4,6292546478.924607,1194229492.2557976,5.269126679360869,50340371.83139686,9553835.93804638,1781.249940735097,338.0542617092325,23.29215308803322
B,False,high,5,Mpox-like orthopoxvirus,0.05,0.4,1818367921.678754,345201497.03184354,5.267555144788426,36367358.43357509,6904029.940636872,510.28655658398975,96.87353344447479,16.826933318635003
B,False,high,5,High-burden enteric outbreak,0.25,0.4,231098999.92680907,109518352.30848765,2.1101394885476097,23109899.992680907,10951835.230848767,28.307430410347408,13.235736077655407,10.692796038167941
B,False,high,10,SARS-like respiratory virus,0.05,0.4,14173657597.847898,2748885143.0326104,5.156147623618538,283473151.956958,54977702.860652216,3906.743154303129,757.6920910770575,55.34627109356193
B,False,high,10,Ebola-like viral haemorrhagic fever,0.02,0.4,14810658668.344456,2811242678.531605,5.268367182046518,118485269.34675565,22489941.42825284,4192.931833992828,795.8698509739894,23.13347063941686
B,False,high,10,Mpox-like orthopoxvirus,0.05,0.4,4181044424.558773,794035684.7787341,5.265562372960432,83620888.49117547,15880713.695574684,1173.1206258760012,222.79116446027737,16.32642926346631
B,False,high,10,High-burden enteric outbreak,0.25,0.4,266018116.35588908,130578216.31527328,2.037231966116035,26601811.63558891,13057821.631527329,33.12155394803091,15.878228696821871,5.1938290035548995
B,False,high,14,SARS-like respiratory virus,0.05,0.4,25080010809.472435,4938004530.573419,5.078976872983965,501600216.1894488,98760090.61146839,6913.373660548568,1361.1972449041475,59.03752387883919
B,False,high,14,Ebola-like viral haemorrhagic fever,0.02,0.4,23710672163.43752,4501277581.681578,5.267542766065037,189685377.30750015,36010220.65345262,6713.390747321156,1274.4836169433604,22.325658225052663
B,False,high,14,Mpox-like orthopoxvirus,0.05,0.4,6558136392.793771,1245974052.5100775,5.263461449764604,131162727.85587545,24919481.050201554,1839.949190811516,349.570248858354,15.437638238338183
B,False,high,14,High-burden enteric outbreak,0.25,0.4,271811739.8113766,135416537.87930387,2.007227064493711,27181173.98113766,13541653.787930388,34.32102041276757,16.5538816589685,3.1991796577699567
B,True,low,2,SARS-like respiratory virus,0.005,0.05,1799321321.4407456,343144245.5864057,5.243629594795773,449830.3303601864,85786.06139660142,495.99006818689963,94.58923156347309,13.518050729800615
B,True,low,2,Avian-influenza-like respiratory virus,0.002,0.03,40606548366.42287,8138317796.598728,4.989550590343582,2436392.901985372,488299.0677959237,11433.998871514956,2291.778832114358,73.21712348829965
B,True,low,2,Ebola-like viral haemorrhagic fever,0.001,0.05,2288623198.112975,434317589.15275407,5.269469289921027,114431.15990564876,21715.879457637704,647.8280454633473,122.93994755873038,3.43882152952174
B,True,low,2,Mpox-like orthopoxvirus,0.005,0.05,669895500.2423804,127151635.8182495,5.268477247118777,167473.8750605951,31787.908954562376,188.0199626954256,35.68773794045325,5.032831683832118
B,True,low,2,High-burden enteric outbreak,0.02,0.05,159498913.19975662,71740856.5423497,2.2232646902619853,159498.91319975661,71740.85654234969,19.353620688462883,8.639472726621221,4.793172568545876
B,True,low,5,SARS-like respiratory virus,0.005,0.05,5315412701.553929,1018485138.988826,5.218939872633965,1328853.1753884824,254621.28474720652,1465.1176065036998,280.73150466490983,12.83530264020987
B,True,low,5,Avian-influenza-like respiratory virus,0.002,0.03,133732331293.7877,28512490539.35949,4.690306906342665,8023939.877627263,1710749.4323615695,37655.05578457701,8029.446844356766,77.50269074390859
B,True,low,5,Ebola-like viral haemorrhagic fever,0.001,0.05,6292546478.924607,1194229492.2557976,5.269126679360869,314627.3239462304,59711.47461278988,1781.249940735097,338.0542617092325,3.038963970228414
B,True,low,5,Mpox-like orthopoxvirus,0.005,0.05,1818367921.678754,345201497.03184354,5.267555144788426,454591.9804196885,86300.37425796088,510.28655658398975,96.87353344447479,4.390873088588801
B,True,low,5,High-burden enteric outbreak,0.02,0.05,231098999.92680907,109518352.30848765,2.1101394885476097,231098.99992680908,109518.35230848765,28.307430410347408,13.235736077655407,2.232169557064327
B,True,low,10,SARS-like respiratory virus,0.005,0.05,14173657597.847898,2748885143.0326104,5.156147623618538,3543414.399461975,687221.2857581526,3906.743154303129,757.6920910770575,12.271507585152294
B,True,low,10,Avian-influenza-like respiratory virus,0.002,0.03,387998476482.93243,94794866503.33415,4.093032574388252,23279908.588975947,5687691.990200049,109243.36286774673,26695.262262493994,80.62268270813806
B,True,low,10,Ebola-like viral haemorrhagic fever,0.001,0.05,14810658668.344456,2811242678.531605,5.268367182046518,740532.9334172228,140562.13392658025,4192.931833992828,795.8698509739894,2.564604216448505
B,True,low,10,Mpox-like orthopoxvirus,0.005,0.05,4181044424.558773,794035684.7787341,5.265562372960432,1045261.1061396933,198508.92119468353,1173.1206258760012,222.79116446027737,3.6199349402670875
B,True,low,10,High-burden enteric outbreak,0.02,0.05,266018116.35588908,130578216.31527328,2.037231966116035,266018.11635588907,130578.21631527328,33.12155394803091,15.878228696821871,0.9212705499940635
B,True,low,14,SARS-like respiratory virus,0.005,0.05,25080010809.472435,4938004530.573419,5.078976872983965,6270002.702368109,1234501.1326433546,6913.373660548568,1361.1972449041475,12.928431289530605
B,True,low,14,Avian-influenza-like respiratory virus,0.002,0.03,652181700229.2081,179582197415.0683,3.6316612092780036,39130902.01375249,10774931.844904099,183627.83095867955,50572.21934031336,80.68595852296535
B,True,low,14,Ebola-like viral haemorrhagic fever,0.001,0.05,23710672163.43752,4501277581.681578,5.267542766065037,1185533.608171876,225063.8790840789,6713.390747321156,1274.4836169433604,2.444510875392531
B,True,low,14,Mpox-like orthopoxvirus,0.005,0.05,6558136392.793771,1245974052.5100775,5.263461449764604,1639534.0981984427,311493.5131275194,1839.949190811516,349.570248858354,3.380637129134789
B,True,low,14,High-burden enteric outbreak,0.02,0.05,271811739.8113766,135416537.87930387,2.007227064493711,271811.73981137655,135416.53787930388,34.32102041276757,16.5538816589685,0.5604621829767182
B,True,base,2,SARS-like respiratory virus,0.02,0.2,1799321321.4407456,343144245.5864057,5.243629594795773,7197285.285762982,1372576.9823456227,495.99006818689963,94.58923156347309,9.437170124474312
B,True,base,2,Avian-influenza-like respiratory virus,0.01,0.15,40606548366.42287,8138317796.598728,4.989550590343582,60909822.5496343,12207476.694898093,11433.998871514956,2291.778832114358,79.86571809088773
B,True,base,2,Ebola-like viral haemorrhagic fever,0.005,0.2,2288623198.112975,434317589.15275407,5.269469289921027,2288623.1981129753,434317.58915275405,647.8280454633473,122.93994755873038,3.0008712471262022
B,True,base,2,Mpox-like orthopoxvirus,0.02,0.2,669895500.2423804,127151635.8182495,5.268477247118777,2679582.0009695217,508606.543272998,188.0199626954256,35.68773794045325,3.5135012996706476
B,True,base,2,High-burden enteric outbreak,0.1,0.2,159498913.19975662,71740856.5423497,2.2232646902619853,3189978.263995133,1434817.1308469942,19.353620688462883,8.639472726621221,4.182739237841111
B,True,base,5,SARS-like respiratory virus,0.02,0.2,5315412701.553929,1018485138.988826,5.218939872633965,21261650.80621572,4073940.5559553043,1465.1176065036998,280.73150466490983,8.857244335514341
B,True,base,5,Avian-influenza-like respiratory virus,0.01,0.15,133732331293.7877,28512490539.35949,4.690306906342665,200598496.94068155,42768735.809039235,37655.05578457701,8029.446844356766,83.5659430650192
B,True,base,5,Ebola-like viral haemorrhagic fever,0.005,0.2,6292546478.924607,1194229492.2557976,5.269126679360869,6292546.478924608,1194229.4922557976,1781.249940735097,338.0542617092325,2.621368498824278
B,True,base,5,Mpox-like orthopoxvirus,0.02,0.2,1818367921.678754,345201497.03184354,5.267555144788426,7273471.686715016,1380805.988127374,510.28655658398975,96.87353344447479,3.0300053595954486
B,True,base,5,High-burden enteric outbreak,0.1,0.2,231098999.92680907,109518352.30848765,2.1101394885476097,4621979.998536183,2190367.0461697537,28.307430410347408,13.235736077655407,1.92543874104673
B,True,base,10,SARS-like respiratory virus,0.02,0.2,14173657597.847898,2748885143.0326104,5.156147623618538,56694630.3913916,10995540.572130442,3906.743154303129,757.6920910770575,8.392396791450723
B,True,base,10,Avian-influenza-like respiratory virus,0.01,0.15,387998476482.93243,94794866503.33415,4.093032574388252,581997714.7243986,142192299.75500122,109243.36286774673,26695.262262493994,86.15199922753756
B,True,base,10,Ebola-like viral haemorrhagic fever,0.005,0.2,14810658668.344456,2811242678.531605,5.268367182046518,14810658.668344457,2811242.678531605,4192.931833992828,795.8698509739894,2.1923932377616993
B,True,base,10,Mpox-like orthopoxvirus,0.02,0.2,4181044424.558773,794035684.7787341,5.265562372960432,16724177.698235093,3176142.7391149364,1173.1206258760012,222.79116446027737,2.4756477692044587
B,True,base,10,High-burden enteric outbreak,0.1,0.2,266018116.35588908,130578216.31527328,2.037231966116035,5320362.327117783,2611564.3263054662,33.12155394803091,15.878228696821871,0.7875629740455674
B,True,base,14,SARS-like respiratory virus,0.02,0.2,25080010809.472435,4938004530.573419,5.078976872983965,100320043.23788974,19752018.122293673,6913.373660548568,1361.1972449041475,8.846782738763682
B,True,base,14,Avian-influenza-like respiratory virus,0.01,0.15,652181700229.2081,179582197415.0683,3.6316612092780036,978272550.3438122,269373296.12260246,183627.83095867955,50572.21934031336,86.26954726948557
B,True,base,14,Ebola-like viral haemorrhagic fever,0.005,0.2,23710672163.43752,4501277581.681578,5.267542766065037,23710672.16343752,4501277.5816815775,6713.390747321156,1274.4836169433604,2.0909397409505748
B,True,base,14,Mpox-like orthopoxvirus,0.02,0.2,6558136392.793771,1245974052.5100775,5.263461449764604,26232545.571175084,4983896.21004031,1839.949190811516,349.570248858354,2.3133326488166013
B,True,base,14,High-burden enteric outbreak,0.1,0.2,271811739.8113766,135416537.87930387,2.007227064493711,5436234.796227532,2708330.757586078,34.32102041276757,16.5538816589685,0.4793976019835685
B,True,high,2,SARS-like respiratory virus,0.05,0.4,1799321321.4407456,343144245.5864057,5.243629594795773,35986426.42881492,6862884.911728115,495.99006818689963,94.58923156347309,7.055996420070702
B,True,high,2,Avian-influenza-like respiratory virus,0.03,0.35,40606548366.42287,8138317796.598728,4.989550590343582,426368757.84744006,85452336.86428663,11433.998871514956,2291.778832114358,83.59975489515706
B,True,high,2,Ebola-like viral haemorrhagic fever,0.02,0.4,2288623198.112975,434317589.15275407,5.269469289921027,18308985.584903803,3474540.7132220324,647.8280454633473,122.93994755873038,3.589912907794709
B,True,high,2,Mpox-like orthopoxvirus,0.05,0.4,669895500.2423804,127151635.8182495,5.268477247118777,13397910.00484761,2543032.7163649905,188.0199626954256,35.68773794045325,2.6269795145576884
B,True,high,2,High-burden enteric outbreak,0.25,0.4,159498913.19975662,71740856.5423497,2.2232646902619853,15949891.319975663,7174085.65423497,19.353620688462883,8.639472726621221,3.1273562624198368
B,True,high,5,SARS-like respiratory virus,0.05,0.4,5315412701.553929,1018485138.988826,5.218939872633965,106308254.0310786,20369702.779776525,1465.1176065036998,280.73150466490983,6.560960691167505
B,True,high,5,Avian-influenza-like respiratory virus,0.03,0.35,133732331293.7877,28512490539.35949,4.690306906342665,1404189478.5847707,299381150.6632746,37655.05578457701,8029.446844356766,86.66149261798955
B,True,high,5,Ebola-like viral haemorrhagic fever,0.02,0.4,6292546478.924607,1194229492.2557976,5.269126679360869,50340371.83139686,9553835.93804638,1781.249940735097,338.0542617092325,3.1068255590764853
B,True,high,5,Mpox-like orthopoxvirus,0.05,0.4,1818367921.678754,345201497.03184354,5.267555144788426,36367358.43357509,6904029.940636872,510.28655658398975,96.87353344447479,2.2444617428721054
B,True,high,5,High-burden enteric outbreak,0.25,0.4,231098999.92680907,109518352.30848765,2.1101394885476097,23109899.992680907,10951835.230848767,28.307430410347408,13.235736077655407,1.4262593888943516
B,True,high,10,SARS-like respiratory virus,0.05,0.4,14173657597.847898,2748885143.0326104,5.156147623618538,283473151.956958,54977702.860652216,3906.743154303129,757.6920910770575,6.18104983709641
B,True,high,10,Avian-influenza-like respiratory virus,0.03,0.35,387998476482.93243,94794866503.33415,4.093032574388252,4073984003.0707903,995346098.2850085,109243.36286774673,26695.262262493994,88.8320392413656
B,True,high,10,Ebola-like viral haemorrhagic fever,0.02,0.4,14810658668.344456,2811242678.531605,5.268367182046518,118485269.34675565,22489941.42825284,4192.931833992828,795.8698509739894,2.583536923120285
B,True,high,10,Mpox-like orthopoxvirus,0.05,0.4,4181044424.558773,794035684.7787341,5.265562372960432,83620888.49117547,15880713.695574684,1173.1206258760012,222.79116446027737,1.8233292134301202
B,True,high,10,High-burden enteric outbreak,0.25,0.4,266018116.35588908,130578216.31527328,2.037231966116035,26601811.63558891,13057821.631527329,33.12155394803091,15.878228696821871,0.5800447849875832
B,True,high,14,SARS-like respiratory virus,0.05,0.4,25080010809.472435,4938004530.573419,5.078976872983965,501600216.1894488,98760090.61146839,6913.373660548568,1361.1972449041475,6.5163726206106265
B,True,high,14,Avian-influenza-like respiratory virus,0.03,0.35,652181700229.2081,179582197415.0683,3.6316612092780036,6847907852.406685,1885613072.858217,183627.83095867955,50572.21934031336,88.96232058447444
B,True,high,14,Ebola-like viral haemorrhagic fever,0.02,0.4,23710672163.43752,4501277581.681578,5.267542766065037,189685377.30750015,36010220.65345262,6713.390747321156,1274.4836169433604,2.4642345822872294
B,True,high,14,Mpox-like orthopoxvirus,0.05,0.4,6558136392.793771,1245974052.5100775,5.263461449764604,131162727.85587545,24919481.050201554,1839.949190811516,349.570248858354,1.7039570180763577
B,True,high,14,High-burden enteric outbreak,0.25,0.4,271811739.8113766,135416537.87930387,2.007227064493711,27181173.98113766,13541653.787930388,34.32102041276757,16.5538816589685,0.35311519455135587
